frame, face_id, timestamp, confidence, success, x_0, x_1, x_2, x_3, x_4, x_5, x_6, x_7, x_8, x_9, x_10, x_11, x_12, x_13, x_14, x_15, x_16, x_17, x_18, x_19, x_20, x_21, x_22, x_23, x_24, x_25, x_26, x_27, x_28, x_29, x_30, x_31, x_32, x_33, x_34, x_35, x_36, x_37, x_38, x_39, x_40, x_41, x_42, x_43, x_44, x_45, x_46, x_47, x_48, x_49, x_50, x_51, x_52, x_53, x_54, x_55, x_56, x_57, x_58, x_59, x_60, x_61, x_62, x_63, x_64, x_65, x_66, x_67, y_0, y_1, y_2, y_3, y_4, y_5, y_6, y_7, y_8, y_9, y_10, y_11, y_12, y_13, y_14, y_15, y_16, y_17, y_18, y_19, y_20, y_21, y_22, y_23, y_24, y_25, y_26, y_27, y_28, y_29, y_30, y_31, y_32, y_33, y_34, y_35, y_36, y_37, y_38, y_39, y_40, y_41, y_42, y_43, y_44, y_45, y_46, y_47, y_48, y_49, y_50, y_51, y_52, y_53, y_54, y_55, y_56, y_57, y_58, y_59, y_60, y_61, y_62, y_63, y_64, y_65, y_66, y_67, AU01_r, AU02_r, AU04_r, AU05_r, AU06_r, AU07_r, AU09_r, AU10_r, AU12_r, AU14_r, AU15_r, AU17_r, AU20_r, AU23_r, AU25_r, AU26_r, AU45_r, AU01_c, AU02_c, AU04_c, AU05_c, AU06_c, AU07_c, AU09_c, AU10_c, AU12_c, AU14_c, AU15_c, AU17_c, AU20_c, AU23_c, AU25_c, AU26_c, AU28_c, AU45_c
1,  0,  0.000,  0.98,  1,  281.5,  280.9,  284.2,  289.8,  300.4,  316.8,  336.5,  359.4,  384.5,  408.8,  429.9,  449.9,  465.7,  477.0,  484.9,  489.3,  490.6,  304.6,  319.1,  340.1,  361.8,  379.6,  411.9,  429.2,  447.7,  465.2,  475.8,  397.2,  397.8,  398.7,  399.7,  375.5,  385.5,  395.5,  405.6,  414.5,  327.5,  340.5,  355.9,  367.6,  354.6,  338.8,  419.4,  432.1,  446.6,  456.5,  447.5,  432.9,  354.0,  369.0,  385.9,  394.3,  403.4,  416.4,  425.7,  414.5,  401.1,  391.0,  381.0,  365.6,  360.8,  384.8,  393.5,  402.6,  419.5,  401.3,  391.8,  382.7,  276.0,  306.6,  337.6,  367.7,  396.2,  420.7,  441.8,  457.8,  462.7,  458.2,  441.1,  419.6,  395.6,  368.6,  340.2,  311.7,  283.3,  246.7,  232.7,  228.9,  233.0,  243.4,  245.7,  238.1,  236.1,  240.7,  253.7,  270.1,  287.8,  304.9,  322.9,  341.0,  344.4,  347.2,  345.4,  342.6,  269.9,  261.6,  263.3,  275.3,  277.4,  276.5,  278.2,  267.2,  268.0,  277.1,  282.3,  282.1,  384.6,  373.9,  368.4,  372.0,  369.9,  376.9,  387.5,  408.9,  416.9,  417.6,  415.9,  406.1,  384.7,  379.5,  380.7,  380.7,  387.9,  400.4,  401.3,  399.5, 0.11, 0.00, 0.40, 0.02, 0.03, 0.00, 0.00, 0.10, 0.00, 0.23, 0.00, 0.00, 0.00, 0.00, 2.28, 1.22, 0.00, 1.00, 1.00, 0.00, 1.00, 0.00, 0.00, 0.00, 0.00, 0.00, 0.00, 0.00, 0.00, 0.00, 0.00, 1.00, 0.00, 0.00, 0.00
2,  0,  0.033,  0.98,  1,  283.8,  281.8,  283.8,  288.6,  299.2,  315.8,  336.2,  359.4,  384.6,  409.0,  429.8,  450.1,  466.8,  478.8,  487.3,  491.5,  492.4,  308.2,  322.4,  343.1,  364.7,  382.2,  415.2,  433.0,  451.8,  468.9,  477.7,  399.9,  400.7,  401.8,  403.0,  377.8,  387.8,  397.9,  407.9,  416.8,  329.9,  342.7,  357.7,  369.5,  356.6,  341.2,  420.8,  433.6,  447.7,  457.4,  448.2,  434.0,  355.8,  370.4,  387.7,  396.4,  405.6,  418.4,  426.2,  415.5,  402.0,  391.6,  381.4,  366.1,  362.6,  386.5,  395.3,  404.5,  420.1,  402.4,  392.6,  383.4,  268.9,  298.8,  330.0,  360.7,  390.5,  416.9,  440.2,  458.8,  465.3,  460.6,  442.4,  420.2,  396.2,  369.4,  340.4,  310.8,  281.6,  244.0,  230.8,  227.5,  232.2,  242.9,  245.3,  237.9,  236.1,  241.9,  255.4,  271.2,  289.2,  306.4,  324.7,  341.6,  345.1,  348.2,  346.5,  343.9,  268.8,  261.5,  263.3,  274.8,  276.4,  275.4,  277.7,  267.5,  268.6,  276.7,  281.8,  281.4,  386.5,  375.6,  370.2,  373.9,  371.7,  379.0,  389.7,  413.9,  423.0,  423.7,  421.7,  410.4,  386.6,  381.2,  382.5,  382.4,  390.2,  405.6,  406.6,  404.5, 0.05, 0.00, 0.40, 0.10, 0.09, 0.04, 0.00, 0.11, 0.00, 0.15, 0.00, 0.00, 0.00, 0.00, 2.15, 1.66, 0.00, 1.00, 0.00, 0.00, 1.00, 0.00, 0.00, 0.00, 0.00, 0.00, 0.00, 0.00, 0.00, 0.00, 0.00, 1.00, 1.00, 0.00, 0.00
3,  0,  0.066,  0.98,  1,  284.5,  281.9,  283.3,  287.7,  297.6,  313.9,  334.2,  358.2,  384.0,  408.4,  429.1,  449.4,  466.3,  478.6,  487.3,  491.6,  492.8,  309.0,  323.4,  344.3,  366.2,  383.4,  414.7,  433.1,  452.3,  469.3,  478.0,  399.5,  400.5,  401.7,  402.9,  377.5,  387.6,  397.6,  407.6,  416.4,  329.4,  342.1,  357.2,  369.1,  356.0,  340.6,  420.9,  433.8,  447.9,  457.5,  448.4,  434.2,  355.6,  370.3,  387.4,  396.1,  405.3,  418.3,  425.9,  415.1,  401.4,  391.0,  381.0,  365.9,  362.7,  386.2,  395.0,  404.2,  419.7,  401.8,  392.0,  382.8,  267.5,  296.4,  326.7,  356.8,  386.7,  414.0,  438.7,  459.1,  466.1,  461.2,  442.8,  420.5,  396.5,  369.6,  340.4,  310.9,  281.8,  243.8,  230.6,  227.6,  232.4,  243.1,  245.5,  238.1,  236.6,  242.8,  256.6,  271.8,  289.4,  306.3,  324.4,  341.5,  345.0,  348.1,  346.5,  343.9,  268.9,  261.5,  263.4,  275.1,  276.7,  275.7,  278.3,  267.9,  269.1,  277.4,  282.5,  282.1,  386.6,  375.6,  370.1,  373.8,  371.7,  379.0,  390.0,  414.4,  423.4,  424.1,  422.1,  410.8,  386.7,  381.1,  382.4,  382.4,  390.3,  406.4,  407.3,  405.2, 0.10, 0.00, 0.33, 0.10, 0.10, 0.08, 0.00, 0.08, 0.00, 0.07, 0.00, 0.00, 0.00, 0.00, 2.10, 1.85, 0.00, 0.00, 0.00, 0.00, 1.00, 0.00, 0.00, 0.00, 0.00, 0.00, 0.00, 0.00, 0.00, 0.00, 0.00, 1.00, 1.00, 0.00, 0.00
4,  0,  0.099,  0.98,  1,  284.6,  281.8,  283.2,  287.5,  297.3,  313.6,  333.9,  358.2,  384.0,  408.4,  429.1,  449.3,  466.1,  478.4,  487.0,  491.4,  492.6,  309.5,  323.6,  344.4,  366.0,  383.0,  414.4,  432.7,  451.8,  468.8,  477.4,  399.2,  400.1,  401.3,  402.5,  377.3,  387.4,  397.3,  407.3,  416.1,  329.5,  342.1,  357.0,  368.9,  355.9,  340.6,  420.8,  433.6,  447.6,  457.2,  448.1,  434.0,  355.6,  370.1,  387.2,  395.9,  405.1,  418.2,  425.7,  415.0,  401.2,  390.8,  380.7,  365.7,  362.7,  385.9,  394.8,  403.9,  419.5,  401.5,  391.8,  382.5,  266.2,  294.8,  324.8,  354.9,  385.2,  413.2,  438.7,  459.7,  467.0,  462.0,  443.4,  420.9,  397.0,  370.2,  341.1,  311.6,  282.5,  243.7,  230.4,  227.5,  232.4,  243.2,  245.7,  238.0,  236.5,  242.6,  256.4,  271.9,  289.5,  306.5,  324.6,  341.6,  345.1,  348.2,  346.6,  344.0,  268.8,  261.5,  263.4,  274.9,  276.6,  275.5,  278.0,  267.9,  269.0,  277.2,  282.3,  281.9,  387.0,  375.8,  370.1,  373.8,  371.7,  379.1,  390.4,  415.0,  424.0,  424.7,  422.7,  411.4,  387.1,  381.5,  382.7,  382.7,  390.7,  406.5,  407.5,  405.4, 0.15, 0.09, 0.37, 0.10, 0.12, 0.10, 0.00, 0.11, 0.00, 0.00, 0.00, 0.00, 0.00, 0.00, 2.10, 1.89, 0.00, 0.00, 0.00, 0.00, 1.00, 0.00, 0.00, 0.00, 0.00, 0.00, 0.00, 0.00, 0.00, 0.00, 0.00, 1.00, 1.00, 0.00, 0.00
5,  0,  0.132,  0.98,  1,  284.9,  282.0,  283.1,  287.2,  296.9,  312.9,  333.4,  357.6,  383.4,  407.8,  428.6,  448.9,  465.9,  478.5,  487.3,  491.6,  492.8,  309.7,  323.8,  344.5,  366.0,  382.9,  414.4,  432.7,  451.7,  468.7,  477.4,  399.1,  400.0,  401.2,  402.4,  377.2,  387.2,  397.1,  407.0,  415.8,  329.3,  341.9,  356.8,  368.7,  355.7,  340.4,  420.7,  433.6,  447.6,  457.1,  448.0,  433.9,  355.5,  369.9,  386.9,  395.6,  404.8,  417.9,  425.3,  414.5,  400.7,  390.3,  380.2,  365.3,  362.6,  385.6,  394.5,  403.6,  419.1,  401.1,  391.3,  382.0,  266.4,  294.7,  324.5,  354.4,  384.9,  413.0,  438.8,  460.1,  467.6,  462.6,  444.0,  421.6,  397.7,  370.9,  341.7,  311.9,  282.6,  243.3,  230.3,  227.6,  232.7,  243.5,  245.8,  238.2,  236.5,  242.7,  256.2,  272.1,  289.7,  306.7,  324.7,  341.7,  345.2,  348.2,  346.7,  344.2,  268.8,  261.6,  263.5,  275.0,  276.5,  275.5,  278.1,  268.0,  269.1,  277.2,  282.3,  281.9,  387.2,  376.0,  370.4,  374.1,  372.0,  379.4,  390.7,  415.5,  424.7,  425.4,  423.4,  411.8,  387.3,  381.5,  382.8,  382.8,  390.9,  407.5,  408.4,  406.3, 0.20, 0.10, 0.21, 0.00, 0.24, 0.19, 0.00, 0.22, 0.00, 0.00, 0.00, 0.00, 0.00, 0.00, 2.28, 1.94, 0.00, 0.00, 0.00, 0.00, 1.00, 0.00, 0.00, 0.00, 0.00, 0.00, 0.00, 0.00, 0.00, 0.00, 0.00, 1.00, 1.00, 0.00, 0.00
6,  0,  0.165,  0.98,  1,  284.8,  281.8,  283.1,  287.3,  296.8,  312.6,  333.0,  357.5,  383.6,  408.2,  428.8,  448.8,  465.7,  478.0,  486.9,  491.3,  492.6,  309.3,  323.2,  343.8,  365.4,  382.4,  414.3,  432.6,  451.7,  468.7,  477.3,  398.8,  399.8,  401.0,  402.2,  377.0,  387.0,  397.0,  406.9,  415.7,  329.0,  341.6,  356.4,  368.6,  355.5,  340.3,  420.3,  433.4,  447.3,  457.0,  447.8,  433.6,  355.2,  369.5,  386.7,  395.4,  404.5,  417.7,  425.1,  414.3,  400.4,  390.0,  380.0,  364.9,  362.4,  385.4,  394.2,  403.3,  418.8,  400.7,  391.0,  381.7,  266.4,  294.5,  324.1,  354.1,  384.7,  413.2,  439.7,  461.5,  469.1,  463.9,  445.0,  422.2,  398.1,  371.3,  342.0,  312.3,  282.9,  243.5,  230.5,  227.7,  232.7,  243.5,  245.9,  238.2,  236.5,  242.7,  256.3,  272.1,  289.7,  306.6,  324.7,  341.6,  345.1,  348.2,  346.6,  344.0,  268.9,  261.8,  263.6,  274.9,  276.4,  275.4,  278.0,  268.1,  269.3,  277.2,  282.3,  281.8,  387.4,  376.2,  370.4,  374.1,  372.0,  379.6,  391.1,  416.5,  425.8,  426.5,  424.5,  412.7,  387.5,  381.6,  382.8,  382.8,  391.3,  408.3,  409.3,  407.2, 0.16, 0.17, 0.27, 0.00, 0.31, 0.26, 0.00, 0.37, 0.00, 0.00, 0.00, 0.00, 0.00, 0.00, 2.33, 2.01, 0.00, 0.00, 0.00, 0.00, 1.00, 0.00, 0.00, 0.00, 0.00, 0.00, 0.00, 0.00, 0.00, 0.00, 0.00, 1.00, 1.00, 0.00, 0.00
7,  0,  0.198,  0.98,  1,  285.0,  282.0,  283.1,  287.3,  296.6,  312.2,  332.8,  357.5,  383.7,  408.2,  428.7,  448.5,  465.2,  477.6,  486.7,  491.3,  492.6,  309.5,  323.5,  344.2,  365.8,  382.8,  414.1,  432.3,  451.5,  468.5,  477.4,  398.9,  399.8,  401.0,  402.1,  376.7,  386.8,  396.9,  406.9,  415.8,  329.1,  341.8,  356.7,  369.0,  355.8,  340.5,  420.3,  433.6,  447.6,  457.3,  448.0,  433.8,  355.0,  369.2,  386.5,  395.3,  404.6,  417.7,  425.0,  414.3,  400.4,  389.8,  379.6,  364.6,  362.2,  385.1,  394.1,  403.3,  418.7,  400.7,  390.8,  381.4,  266.3,  294.5,  324.2,  354.2,  384.9,  413.5,  440.2,  462.0,  469.5,  464.3,  445.6,  423.0,  398.9,  372.2,  342.8,  312.8,  283.3,  243.4,  230.2,  227.5,  232.7,  243.8,  246.1,  238.4,  236.6,  242.7,  256.5,  272.0,  289.7,  306.6,  324.7,  341.5,  345.1,  348.2,  346.7,  344.1,  268.6,  261.6,  263.5,  275.0,  276.3,  275.3,  278.2,  268.2,  269.3,  277.3,  282.4,  282.0,  387.6,  376.1,  370.3,  374.0,  371.9,  379.7,  391.5,  417.0,  426.4,  427.1,  425.0,  413.2,  387.7,  381.4,  382.7,  382.7,  391.7,  408.9,  409.8,  407.7, 0.17, 0.17, 0.38, 0.00, 0.31, 0.24, 0.00, 0.44, 0.04, 0.04, 0.00, 0.00, 0.00, 0.00, 2.19, 1.91, 0.00, 0.00, 1.00, 0.00, 1.00, 0.00, 0.00, 0.00, 0.00, 0.00, 0.00, 0.00, 0.00, 0.00, 0.00, 1.00, 1.00, 0.00, 0.00
8,  0,  0.231,  0.98,  1,  285.2,  282.1,  283.2,  287.2,  296.4,  312.0,  332.2,  356.8,  383.0,  407.6,  428.3,  448.4,  465.2,  477.6,  486.7,  491.4,  493.0,  310.2,  323.9,  344.4,  365.8,  382.5,  414.9,  433.0,  451.8,  468.7,  477.4,  399.2,  400.0,  401.1,  402.1,  377.0,  386.9,  396.8,  406.7,  415.6,  329.9,  342.5,  357.3,  369.2,  356.2,  341.0,  421.1,  434.0,  447.9,  457.3,  448.3,  434.2,  355.1,  369.3,  386.4,  395.1,  404.3,  417.4,  424.6,  413.8,  399.8,  389.4,  379.3,  364.4,  362.3,  385.0,  393.9,  403.0,  418.4,  400.2,  390.4,  381.1,  266.3,  294.5,  323.9,  353.8,  384.6,  413.4,  440.2,  462.0,  469.6,  464.4,  445.7,  423.0,  398.9,  372.1,  342.8,  312.9,  283.4,  243.6,  230.2,  227.3,  232.5,  243.3,  246.1,  238.4,  236.7,  242.7,  256.2,  272.2,  289.7,  306.6,  324.7,  341.5,  345.1,  348.3,  346.7,  344.2,  268.7,  261.4,  263.4,  274.9,  276.5,  275.3,  278.4,  268.4,  269.5,  277.7,  282.8,  282.3,  387.7,  376.0,  370.4,  374.2,  372.2,  379.8,  391.8,  417.2,  426.4,  427.1,  425.0,  413.1,  387.7,  381.6,  382.9,  383.0,  391.9,  409.2,  410.1,  407.9, 0.21, 0.22, 0.46, 0.00, 0.22, 0.12, 0.00, 0.47, 0.04, 0.04, 0.00, 0.03, 0.00, 0.00, 2.12, 1.89, 0.00, 0.00, 1.00, 0.00, 1.00, 0.00, 0.00, 0.00, 0.00, 0.00, 0.00, 0.00, 0.00, 0.00, 0.00, 1.00, 1.00, 0.00, 0.00
9,  0,  0.264,  0.98,  1,  285.2,  282.2,  283.4,  287.4,  296.4,  311.7,  331.6,  356.4,  382.8,  407.6,  428.5,  448.6,  465.2,  477.6,  486.7,  491.5,  493.2,  310.4,  324.3,  344.8,  366.1,  382.8,  415.3,  433.3,  452.1,  468.9,  477.8,  399.4,  400.1,  401.2,  402.1,  377.1,  387.0,  396.8,  406.8,  415.6,  330.1,  342.8,  357.7,  369.5,  356.5,  341.3,  421.2,  434.1,  448.1,  457.5,  448.5,  434.4,  355.4,  369.4,  386.5,  395.3,  404.4,  417.5,  424.6,  413.9,  400.0,  389.5,  379.4,  364.5,  362.6,  385.2,  394.1,  403.1,  418.4,  400.3,  390.5,  381.2,  266.1,  294.4,  323.9,  353.8,  384.4,  413.2,  439.9,  461.7,  469.4,  464.5,  445.9,  423.3,  399.0,  372.1,  342.8,  312.8,  283.2,  243.3,  230.0,  227.3,  232.5,  243.3,  246.1,  238.4,  236.8,  242.6,  256.0,  272.2,  289.7,  306.6,  324.6,  341.4,  345.1,  348.3,  346.7,  344.2,  268.8,  261.4,  263.4,  275.0,  276.6,  275.4,  278.5,  268.5,  269.6,  277.9,  283.0,  282.6,  387.8,  376.0,  370.3,  374.1,  372.1,  379.9,  392.0,  417.3,  426.5,  427.2,  425.0,  413.2,  387.8,  381.5,  382.8,  382.9,  392.1,  409.4,  410.3,  408.0, 0.30, 0.16, 0.48, 0.04, 0.23, 0.05, 0.00, 0.48, 0.04, 0.04, 0.00, 0.03, 0.02, 0.00, 2.05, 1.78, 0.00, 0.00, 0.00, 0.00, 1.00, 0.00, 0.00, 0.00, 0.00, 0.00, 0.00, 0.00, 0.00, 0.00, 0.00, 1.00, 1.00, 0.00, 0.00
10,  0,  0.297,  0.98,  1,  285.2,  282.2,  283.4,  287.3,  296.4,  312.1,  332.4,  357.2,  383.3,  407.7,  428.5,  448.5,  465.3,  477.9,  487.0,  492.0,  493.7,  310.3,  324.4,  344.9,  366.2,  382.9,  414.9,  433.0,  451.8,  468.7,  477.9,  399.3,  400.0,  401.0,  401.9,  376.9,  386.9,  396.8,  406.9,  415.8,  330.1,  342.8,  357.6,  369.3,  356.4,  341.2,  421.4,  434.1,  448.1,  457.6,  448.5,  434.5,  355.6,  369.8,  386.4,  395.4,  404.8,  417.6,  424.9,  414.3,  400.7,  390.1,  379.9,  365.3,  362.9,  385.1,  394.2,  403.6,  418.6,  401.0,  391.1,  381.6,  266.0,  294.6,  324.4,  354.3,  384.7,  412.9,  438.6,  459.2,  466.3,  461.8,  444.2,  422.6,  399.2,  372.6,  343.3,  313.3,  283.6,  243.3,  230.2,  227.5,  232.6,  243.3,  246.0,  238.5,  236.9,  242.6,  255.9,  272.2,  289.7,  306.5,  324.5,  341.5,  345.1,  348.2,  346.6,  344.1,  268.9,  261.6,  263.5,  275.1,  276.7,  275.6,  278.6,  268.5,  269.6,  277.9,  283.0,  282.6,  388.1,  376.3,  370.4,  374.1,  372.1,  379.9,  392.0,  415.2,  423.7,  424.3,  422.3,  411.4,  388.1,  381.7,  383.0,  383.1,  392.0,  406.7,  407.5,  405.3, 0.21, 0.07, 0.47, 0.04, 0.24, 0.14, 0.00, 0.46, 0.00, 0.00, 0.00, 0.03, 0.02, 0.00, 2.01, 1.79, 0.00, 0.00, 0.00, 0.00, 1.00, 0.00, 0.00, 0.00, 0.00, 0.00, 0.00, 0.00, 0.00, 0.00, 0.00, 1.00, 1.00, 0.00, 0.00
11,  0,  0.330,  0.98,  1,  285.3,  282.4,  283.4,  286.9,  296.1,  312.2,  332.9,  357.7,  383.8,  408.3,  429.4,  449.6,  466.5,  478.7,  487.3,  492.1,  493.7,  310.1,  324.5,  345.1,  366.3,  383.4,  415.1,  433.2,  451.7,  468.8,  478.5,  399.5,  400.2,  401.2,  402.1,  377.1,  387.2,  397.1,  407.1,  416.1,  330.4,  343.0,  357.8,  369.4,  356.6,  341.5,  421.8,  434.4,  448.4,  458.0,  448.8,  434.9,  354.9,  370.3,  386.8,  395.7,  405.2,  418.0,  426.5,  415.3,  401.8,  391.3,  381.2,  366.3,  362.2,  385.5,  394.6,  404.0,  420.3,  402.1,  392.2,  382.8,  266.1,  294.6,  324.3,  354.0,  383.8,  411.0,  435.4,  455.1,  461.8,  457.6,  440.8,  420.2,  397.4,  371.1,  342.3,  312.8,  283.5,  243.4,  230.8,  228.1,  233.1,  243.5,  246.1,  238.7,  237.2,  242.7,  255.8,  271.8,  289.6,  306.9,  325.1,  341.8,  345.3,  348.5,  346.8,  344.3,  269.0,  262.0,  263.8,  275.0,  276.8,  275.7,  278.4,  268.6,  269.7,  277.8,  282.8,  282.4,  385.4,  375.6,  370.4,  374.1,  372.0,  379.0,  389.2,  410.1,  417.7,  418.3,  416.4,  406.7,  385.7,  381.8,  383.1,  383.0,  389.5,  400.7,  401.5,  399.5, 0.13, 0.01, 0.46, 0.04, 0.30, 0.21, 0.00, 0.42, 0.02, 0.12, 0.06, 0.20, 0.07, 0.00, 1.49, 1.39, 0.10, 0.00, 0.00, 0.00, 1.00, 0.00, 0.00, 0.00, 0.00, 0.00, 0.00, 0.00, 0.00, 0.00, 0.00, 0.00, 0.00, 0.00, 0.00
12,  0,  0.363,  0.98,  1,  286.0,  283.0,  283.3,  286.1,  295.0,  311.5,  331.8,  356.3,  382.0,  406.7,  428.9,  449.8,  467.1,  479.2,  487.2,  491.8,  493.4,  310.0,  324.8,  345.5,  366.5,  383.7,  414.7,  432.9,  451.3,  468.8,  479.3,  399.5,  400.3,  401.3,  402.1,  376.6,  387.0,  397.0,  407.1,  416.2,  330.3,  343.0,  357.8,  369.4,  356.5,  341.5,  422.0,  434.9,  448.7,  458.5,  449.0,  435.2,  352.5,  369.8,  386.2,  395.5,  405.7,  418.8,  428.8,  416.3,  402.9,  392.0,  381.4,  366.4,  360.0,  384.5,  394.2,  404.4,  422.5,  403.4,  393.0,  383.1,  266.6,  294.3,  323.5,  353.0,  382.1,  408.8,  432.6,  452.0,  458.6,  455.2,  438.8,  418.7,  396.3,  370.2,  341.6,  312.7,  283.9,  243.6,  231.5,  228.9,  233.9,  244.3,  246.9,  239.4,  238.0,  243.4,  256.6,  271.6,  289.4,  306.8,  325.1,  342.1,  345.7,  348.9,  347.3,  345.0,  269.3,  262.7,  264.5,  275.1,  277.2,  276.1,  278.6,  269.7,  271.0,  278.8,  283.6,  282.9,  381.9,  374.4,  370.1,  373.9,  371.8,  378.1,  386.6,  403.0,  408.6,  408.9,  407.0,  399.1,  382.7,  382.6,  384.1,  383.9,  386.9,  390.9,  391.4,  389.5, 0.00, 0.00, 0.50, 0.00, 0.40, 0.17, 0.00, 0.49, 0.21, 0.33, 0.13, 0.50, 0.06, 0.16, 0.82, 1.00, 0.20, 0.00, 0.00, 0.00, 1.00, 0.00, 0.00, 0.00, 0.00, 0.00, 0.00, 0.00, 1.00, 0.00, 0.00, 0.00, 0.00, 0.00, 0.00
13,  0,  0.396,  0.98,  1,  286.5,  283.4,  283.2,  285.8,  295.1,  312.0,  332.4,  356.7,  382.4,  407.3,  429.5,  450.2,  467.6,  479.8,  487.4,  491.6,  493.4,  311.3,  326.4,  346.8,  367.4,  384.5,  415.3,  433.4,  451.7,  469.0,  479.7,  399.7,  400.5,  401.4,  402.1,  376.2,  386.8,  397.1,  407.5,  416.9,  331.5,  343.9,  358.0,  369.5,  356.9,  342.7,  422.5,  435.2,  448.5,  458.3,  448.7,  435.6,  349.5,  368.6,  385.4,  395.3,  406.4,  420.3,  432.0,  418.2,  404.1,  392.5,  381.5,  365.6,  356.7,  383.8,  394.1,  405.2,  426.0,  404.4,  393.3,  382.9,  267.5,  294.8,  323.5,  352.6,  381.2,  407.6,  430.9,  450.3,  457.0,  453.9,  438.0,  418.5,  396.3,  370.2,  341.5,  312.7,  283.9,  244.4,  233.0,  230.7,  235.6,  245.7,  247.8,  240.1,  239.0,  244.4,  257.2,  271.9,  289.7,  307.4,  325.9,  341.8,  345.9,  349.4,  347.4,  344.9,  270.6,  264.6,  266.2,  275.3,  277.5,  276.7,  279.0,  271.2,  272.5,  279.7,  283.8,  283.0,  377.6,  373.4,  370.9,  374.6,  372.6,  377.2,  382.8,  398.4,  403.7,  404.2,  402.1,  394.3,  379.1,  381.9,  383.7,  383.1,  383.7,  387.8,  388.4,  386.3, 0.00, 0.00, 0.36, 0.00, 0.49, 0.08, 0.00, 0.55, 0.32, 0.60, 0.14, 0.84, 0.06, 0.33, 0.22, 0.47, 0.35, 0.00, 0.00, 0.00, 1.00, 0.00, 0.00, 0.00, 0.00, 0.00, 1.00, 0.00, 1.00, 1.00, 0.00, 0.00, 0.00, 0.00, 0.00
14,  0,  0.429,  0.98,  1,  285.8,  283.3,  283.5,  285.9,  295.0,  311.7,  332.2,  356.6,  382.7,  407.9,  430.5,  451.3,  468.5,  480.2,  487.4,  491.7,  493.5,  309.7,  324.5,  345.2,  366.3,  384.2,  415.1,  433.3,  451.7,  469.2,  480.1,  399.9,  400.6,  401.5,  402.2,  376.3,  386.9,  397.3,  407.7,  417.1,  331.3,  343.8,  357.8,  369.3,  356.8,  342.7,  422.7,  435.5,  448.8,  458.6,  448.9,  435.8,  349.7,  368.6,  385.3,  395.3,  406.4,  420.1,  431.9,  418.1,  404.2,  392.5,  381.5,  365.8,  356.8,  383.8,  394.1,  405.3,  425.9,  404.5,  393.4,  383.0,  267.5,  295.0,  323.8,  352.7,  381.1,  407.0,  429.7,  448.7,  455.4,  452.4,  436.8,  417.5,  395.4,  369.4,  340.9,  312.5,  283.8,  246.4,  234.4,  231.5,  236.3,  246.3,  248.5,  241.1,  240.0,  245.2,  257.9,  272.1,  290.0,  307.6,  326.1,  341.7,  345.8,  349.3,  347.4,  344.9,  271.1,  265.4,  266.7,  275.6,  277.8,  277.1,  279.3,  271.8,  273.2,  280.2,  284.3,  283.4,  377.1,  373.1,  370.7,  374.5,  372.5,  377.1,  382.6,  397.1,  402.0,  402.4,  400.3,  392.9,  378.5,  381.6,  383.4,  382.9,  383.3,  386.2,  386.8,  384.8, 0.00, 0.00, 0.29, 0.00, 0.59, 0.00, 0.02, 0.67, 0.40, 0.83, 0.16, 0.93, 0.00, 0.46, 0.02, 0.20, 0.39, 0.00, 0.00, 0.00, 1.00, 0.00, 0.00, 0.00, 0.00, 0.00, 1.00, 0.00, 1.00, 1.00, 0.00, 0.00, 0.00, 0.00, 0.00
15,  0,  0.462,  0.98,  1,  285.8,  283.5,  283.7,  286.1,  294.8,  311.3,  332.1,  356.7,  383.0,  408.6,  431.2,  452.0,  468.9,  480.3,  487.4,  491.5,  493.1,  309.2,  323.4,  343.9,  365.0,  383.2,  415.1,  433.1,  451.3,  468.7,  479.7,  399.8,  400.6,  401.4,  402.2,  376.2,  386.9,  397.3,  407.7,  417.2,  331.4,  343.9,  357.8,  369.5,  356.9,  342.8,  422.5,  435.5,  448.8,  458.7,  448.9,  435.7,  349.5,  368.5,  385.3,  395.2,  406.3,  420.0,  432.1,  418.1,  404.2,  392.6,  381.6,  365.7,  356.6,  383.8,  394.1,  405.3,  426.0,  404.6,  393.4,  383.1,  267.4,  294.9,  323.5,  352.4,  380.7,  406.5,  429.3,  448.2,  454.9,  451.8,  436.2,  416.9,  394.8,  368.7,  340.3,  311.9,  283.4,  247.5,  235.1,  232.0,  236.8,  246.8,  249.3,  242.2,  241.0,  246.1,  258.8,  272.6,  290.2,  307.7,  326.1,  341.6,  345.7,  349.3,  347.3,  344.8,  271.2,  265.6,  266.9,  275.9,  278.0,  277.3,  279.8,  272.3,  273.7,  280.7,  284.7,  283.8,  376.5,  372.8,  370.6,  374.4,  372.4,  376.9,  382.2,  396.7,  401.5,  401.9,  399.9,  392.5,  377.9,  381.3,  383.1,  382.6,  383.0,  385.9,  386.4,  384.4, 0.00, 0.00, 0.18, 0.00, 0.56, 0.00, 0.05, 0.60, 0.36, 1.06, 0.11, 0.92, 0.00, 0.39, 0.00, 0.10, 0.46, 0.00, 0.00, 0.00, 1.00, 0.00, 0.00, 0.00, 0.00, 0.00, 1.00, 0.00, 1.00, 1.00, 0.00, 0.00, 0.00, 0.00, 0.00
16,  0,  0.495,  0.98,  1,  285.8,  283.6,  283.9,  286.1,  294.5,  310.7,  331.6,  356.3,  383.0,  409.1,  432.2,  453.4,  470.2,  481.4,  488.3,  492.4,  494.0,  308.8,  322.5,  342.9,  364.1,  382.6,  415.6,  433.6,  451.7,  469.1,  479.9,  400.0,  400.7,  401.5,  402.1,  376.2,  386.9,  397.4,  407.9,  417.3,  331.7,  344.2,  358.1,  369.7,  357.2,  343.1,  422.8,  435.8,  449.0,  458.9,  449.1,  435.9,  350.1,  368.8,  385.5,  395.3,  406.3,  419.9,  431.9,  418.1,  404.3,  392.7,  381.9,  366.1,  357.1,  384.0,  394.2,  405.3,  425.8,  404.6,  393.6,  383.3,  267.4,  295.0,  323.5,  352.2,  380.5,  406.2,  428.8,  447.6,  454.4,  451.3,  435.8,  416.5,  394.4,  368.3,  339.9,  311.7,  283.2,  248.5,  235.7,  232.1,  236.7,  246.5,  249.3,  242.5,  241.5,  246.7,  259.4,  272.9,  290.5,  308.0,  326.4,  341.7,  345.8,  349.4,  347.4,  344.9,  271.4,  265.8,  267.2,  276.1,  278.2,  277.5,  280.0,  272.6,  274.0,  281.0,  285.0,  284.1,  376.9,  373.0,  370.7,  374.6,  372.6,  377.1,  382.5,  396.5,  401.2,  401.5,  399.5,  392.3,  378.2,  381.4,  383.3,  382.8,  383.2,  385.7,  386.2,  384.2, 0.00, 0.00, 0.23, 0.00, 0.56, 0.00, 0.10, 0.66, 0.39, 1.22, 0.10, 0.79, 0.00, 0.28, 0.00, 0.06, 0.31, 0.00, 0.00, 0.00, 1.00, 0.00, 0.00, 0.00, 0.00, 0.00, 1.00, 0.00, 1.00, 1.00, 1.00, 0.00, 0.00, 0.00, 0.00
17,  0,  0.528,  0.98,  1,  285.8,  283.6,  284.1,  286.4,  295.0,  311.3,  332.1,  356.7,  383.4,  409.5,  432.5,  453.6,  470.4,  481.5,  488.5,  492.5,  494.0,  308.7,  322.4,  342.8,  363.9,  382.4,  415.7,  433.6,  451.6,  469.0,  479.8,  400.0,  400.7,  401.6,  402.3,  376.4,  387.1,  397.7,  408.1,  417.6,  331.3,  343.9,  357.9,  369.7,  357.0,  342.8,  422.8,  435.9,  449.3,  459.2,  449.4,  436.1,  350.9,  369.3,  385.9,  395.7,  406.7,  420.2,  431.9,  418.3,  404.7,  393.1,  382.3,  366.7,  357.9,  384.4,  394.6,  405.7,  425.8,  405.1,  394.0,  383.8,  267.5,  295.0,  323.5,  352.3,  380.6,  406.4,  429.1,  447.8,  454.6,  451.3,  435.6,  416.3,  394.2,  368.3,  340.3,  312.5,  284.4,  248.3,  235.7,  232.1,  236.8,  246.7,  249.5,  242.7,  241.6,  246.7,  259.1,  273.3,  290.8,  308.1,  326.3,  342.1,  346.1,  349.6,  347.7,  345.2,  271.6,  266.0,  267.4,  276.5,  278.5,  277.8,  280.3,  272.9,  274.3,  281.3,  285.4,  284.4,  377.8,  373.5,  371.0,  374.8,  372.8,  377.5,  383.2,  396.9,  401.7,  402.1,  400.1,  393.0,  379.0,  381.8,  383.7,  383.2,  383.8,  386.0,  386.6,  384.7, 0.00, 0.00, 0.23, 0.00, 0.43, 0.00, 0.17, 0.56, 0.35, 1.29, 0.16, 0.71, 0.00, 0.22, 0.00, 0.06, 0.17, 0.00, 0.00, 0.00, 1.00, 0.00, 0.00, 0.00, 0.00, 0.00, 1.00, 0.00, 1.00, 1.00, 1.00, 0.00, 0.00, 0.00, 0.00
18,  0,  0.561,  0.98,  1,  285.5,  283.5,  284.1,  286.7,  295.5,  312.0,  333.0,  357.4,  383.8,  409.5,  432.5,  453.5,  470.3,  481.4,  488.5,  492.7,  494.2,  308.3,  321.8,  342.4,  363.7,  382.5,  415.6,  433.4,  451.5,  468.9,  479.8,  400.0,  400.7,  401.6,  402.3,  376.6,  387.3,  397.8,  408.2,  417.6,  331.7,  344.3,  358.3,  370.0,  357.4,  343.2,  422.8,  435.9,  449.3,  459.3,  449.4,  436.0,  351.6,  369.8,  386.1,  396.0,  407.1,  420.4,  431.8,  418.6,  405.2,  393.6,  382.7,  367.3,  358.6,  384.7,  395.0,  406.2,  425.7,  405.6,  394.4,  384.1,  267.1,  295.0,  323.9,  353.0,  381.5,  407.3,  429.7,  448.0,  454.6,  451.3,  435.7,  416.6,  394.5,  368.6,  340.4,  312.4,  284.1,  249.3,  236.2,  232.4,  237.0,  246.9,  249.7,  243.0,  241.9,  246.9,  259.5,  273.6,  291.1,  308.3,  326.4,  342.5,  346.3,  349.8,  347.9,  345.4,  272.1,  266.6,  267.9,  277.0,  279.0,  278.4,  280.8,  273.3,  274.7,  281.7,  285.8,  284.9,  378.5,  374.1,  371.3,  375.1,  373.0,  377.9,  383.6,  397.3,  402.0,  402.5,  400.6,  393.7,  379.6,  382.3,  384.1,  383.6,  384.3,  386.2,  386.9,  384.9, 0.00, 0.00, 0.30, 0.00, 0.35, 0.08, 0.19, 0.46, 0.22, 1.32, 0.27, 0.70, 0.00, 0.19, 0.00, 0.00, 0.12, 0.00, 0.00, 0.00, 1.00, 0.00, 0.00, 0.00, 0.00, 0.00, 1.00, 0.00, 1.00, 1.00, 1.00, 0.00, 0.00, 0.00, 0.00
19,  0,  0.594,  0.98,  1,  286.0,  283.7,  284.2,  286.8,  295.8,  312.5,  333.5,  357.8,  384.1,  409.9,  432.8,  453.7,  470.3,  481.3,  488.4,  492.5,  493.9,  309.5,  323.0,  343.3,  364.2,  382.6,  415.9,  433.4,  451.2,  468.3,  479.2,  400.2,  400.8,  401.6,  402.3,  376.5,  387.3,  397.9,  408.3,  417.8,  332.0,  344.5,  358.3,  370.0,  357.5,  343.5,  423.1,  436.1,  449.3,  459.2,  449.3,  436.2,  351.8,  369.9,  386.3,  396.2,  407.2,  420.5,  431.8,  418.7,  405.3,  393.7,  382.8,  367.4,  358.9,  384.9,  395.2,  406.3,  425.6,  405.7,  394.6,  384.3,  267.3,  295.3,  324.2,  353.4,  382.0,  407.8,  430.2,  448.3,  454.7,  451.4,  435.7,  416.6,  394.7,  369.0,  341.1,  313.2,  285.2,  248.6,  235.8,  232.2,  237.0,  247.1,  250.0,  243.3,  242.1,  246.8,  259.1,  274.1,  291.5,  308.7,  326.7,  342.6,  346.5,  350.0,  348.1,  345.6,  272.5,  267.1,  268.4,  277.3,  279.3,  278.5,  281.2,  274.1,  275.5,  282.3,  286.2,  285.3,  379.4,  374.4,  371.5,  375.3,  373.2,  378.2,  384.4,  398.2,  403.1,  403.6,  401.7,  394.7,  380.5,  382.7,  384.4,  383.9,  385.1,  387.2,  387.8,  385.9, 0.00, 0.00, 0.26, 0.00, 0.29, 0.10, 0.26, 0.33, 0.14, 1.36, 0.45, 0.74, 0.00, 0.13, 0.00, 0.00, 0.31, 0.00, 0.00, 0.00, 1.00, 0.00, 0.00, 0.00, 0.00, 0.00, 1.00, 0.00, 1.00, 1.00, 1.00, 0.00, 0.00, 0.00, 0.00
20,  0,  0.627,  0.98,  1,  285.7,  283.6,  284.1,  286.6,  295.4,  312.0,  333.1,  357.6,  384.0,  409.9,  432.8,  453.7,  470.3,  481.3,  488.2,  492.5,  494.1,  308.8,  322.2,  342.8,  364.2,  383.1,  415.7,  433.6,  451.8,  469.2,  479.9,  400.3,  401.0,  401.8,  402.4,  376.6,  387.4,  397.9,  408.3,  417.8,  331.9,  344.4,  358.2,  369.9,  357.4,  343.5,  423.3,  436.2,  449.4,  459.3,  449.4,  436.2,  352.0,  369.8,  386.1,  396.1,  407.2,  420.4,  431.5,  418.5,  405.1,  393.5,  382.4,  367.2,  359.0,  384.6,  395.0,  406.2,  425.4,  405.5,  394.4,  383.9,  267.4,  295.5,  324.3,  353.4,  381.9,  407.6,  430.0,  448.3,  454.9,  451.6,  436.0,  416.7,  394.6,  368.5,  340.3,  312.1,  283.7,  249.9,  236.6,  232.7,  237.3,  247.2,  249.9,  243.3,  242.3,  247.5,  260.2,  274.0,  291.5,  308.8,  326.9,  342.6,  346.5,  350.1,  348.2,  345.7,  272.8,  267.6,  268.7,  277.2,  279.3,  278.7,  281.0,  274.2,  275.8,  282.3,  286.2,  285.2,  379.6,  374.6,  371.7,  375.6,  373.5,  378.6,  384.9,  398.7,  403.5,  404.0,  402.0,  394.9,  380.7,  382.8,  384.6,  384.2,  385.4,  387.4,  388.0,  386.1, 0.00, 0.00, 0.26, 0.00, 0.35, 0.23, 0.24, 0.32, 0.17, 1.34, 0.40, 0.67, 0.00, 0.07, 0.00, 0.00, 0.50, 0.00, 0.00, 0.00, 1.00, 0.00, 0.00, 0.00, 0.00, 0.00, 1.00, 0.00, 1.00, 1.00, 1.00, 0.00, 0.00, 0.00, 0.00
21,  0,  0.660,  0.98,  1,  285.8,  283.6,  284.0,  286.7,  295.8,  312.5,  333.5,  357.8,  384.0,  409.7,  432.5,  453.2,  469.9,  481.0,  488.3,  492.6,  494.2,  309.7,  323.5,  343.8,  364.7,  383.1,  415.9,  433.5,  451.4,  468.6,  479.7,  400.3,  400.9,  401.7,  402.3,  376.6,  387.3,  397.8,  408.2,  417.7,  332.0,  344.7,  358.4,  370.2,  357.6,  343.7,  423.2,  436.3,  449.4,  459.3,  449.4,  436.2,  352.1,  370.0,  386.1,  396.2,  407.3,  420.4,  431.4,  418.5,  405.3,  393.6,  382.5,  367.4,  359.1,  384.7,  395.1,  406.3,  425.3,  405.7,  394.5,  384.1,  267.7,  295.7,  324.6,  353.8,  382.3,  408.1,  430.4,  448.4,  454.9,  451.7,  436.1,  416.9,  394.8,  368.9,  340.7,  312.5,  284.2,  248.6,  236.2,  232.8,  237.6,  247.5,  250.2,  243.6,  242.4,  247.3,  259.5,  274.1,  291.5,  308.7,  326.8,  342.6,  346.6,  350.1,  348.2,  345.8,  272.6,  267.5,  268.8,  277.3,  279.3,  278.7,  281.2,  274.4,  275.9,  282.4,  286.3,  285.4,  380.2,  375.0,  371.9,  375.7,  373.6,  378.9,  385.3,  398.9,  403.7,  404.2,  402.2,  395.3,  381.2,  383.1,  384.9,  384.4,  385.8,  387.5,  388.1,  386.2, 0.00, 0.00, 0.15, 0.00, 0.35, 0.29, 0.19, 0.40, 0.18, 1.16, 0.41, 0.61, 0.00, 0.02, 0.00, 0.00, 0.53, 0.00, 0.00, 0.00, 1.00, 0.00, 0.00, 0.00, 0.00, 0.00, 1.00, 0.00, 1.00, 0.00, 1.00, 0.00, 0.00, 0.00, 0.00
22,  0,  0.693,  0.98,  1,  285.3,  283.4,  284.0,  286.9,  296.1,  312.9,  333.8,  357.8,  384.0,  409.6,  432.5,  453.1,  469.7,  480.7,  487.9,  492.2,  494.0,  308.9,  322.7,  343.3,  364.7,  383.5,  415.2,  433.0,  451.1,  468.6,  479.7,  400.3,  400.9,  401.7,  402.3,  376.5,  387.2,  397.9,  408.4,  417.9,  331.8,  344.4,  358.1,  369.9,  357.4,  343.5,  423.3,  436.3,  449.4,  459.3,  449.3,  436.2,  352.1,  370.0,  386.2,  396.2,  407.3,  420.5,  431.5,  418.6,  405.3,  393.7,  382.7,  367.5,  359.2,  384.8,  395.1,  406.3,  425.4,  405.8,  394.6,  384.2,  267.5,  295.7,  324.7,  353.9,  382.5,  408.3,  430.6,  448.5,  455.0,  451.7,  436.2,  417.0,  395.0,  369.3,  341.4,  313.5,  285.5,  249.6,  236.7,  233.0,  237.7,  247.7,  250.4,  243.7,  242.6,  247.5,  260.0,  274.0,  291.4,  308.5,  326.5,  342.5,  346.4,  349.9,  348.0,  345.5,  272.8,  267.7,  268.9,  277.3,  279.3,  278.7,  281.1,  274.4,  276.0,  282.5,  286.3,  285.3,  380.3,  375.1,  371.9,  375.8,  373.7,  378.9,  385.3,  398.8,  403.6,  404.2,  402.3,  395.4,  381.4,  383.1,  384.9,  384.4,  385.9,  387.5,  388.2,  386.3, 0.00, 0.00, 0.23, 0.00, 0.40, 0.37, 0.07, 0.49, 0.17, 1.14, 0.38, 0.62, 0.00, 0.04, 0.00, 0.00, 0.54, 0.00, 0.00, 0.00, 1.00, 0.00, 0.00, 0.00, 0.00, 0.00, 1.00, 0.00, 1.00, 0.00, 1.00, 0.00, 0.00, 0.00, 0.00
23,  0,  0.726,  0.98,  1,  285.7,  283.5,  284.0,  286.7,  295.8,  312.5,  333.4,  357.7,  383.9,  409.5,  432.3,  453.0,  469.7,  480.9,  488.2,  492.5,  494.1,  310.0,  324.0,  344.4,  365.3,  383.5,  415.5,  433.1,  451.0,  468.3,  479.5,  400.3,  400.9,  401.7,  402.4,  376.6,  387.3,  397.9,  408.3,  417.8,  332.1,  344.6,  358.3,  370.0,  357.5,  343.6,  423.3,  436.1,  449.2,  459.1,  449.2,  436.2,  352.3,  370.2,  386.3,  396.2,  407.2,  420.2,  431.2,  418.4,  405.2,  393.6,  382.7,  367.6,  359.4,  384.8,  395.1,  406.2,  425.1,  405.6,  394.5,  384.2,  267.4,  295.5,  324.5,  353.7,  382.3,  408.2,  430.6,  448.6,  455.0,  451.8,  436.3,  417.1,  394.9,  368.8,  340.6,  312.3,  284.0,  248.6,  236.3,  233.1,  238.0,  247.9,  250.6,  243.9,  242.6,  247.3,  259.5,  274.3,  291.6,  308.6,  326.6,  342.5,  346.4,  349.9,  348.1,  345.6,  272.8,  267.7,  268.9,  277.4,  279.5,  278.8,  281.2,  274.4,  275.9,  282.4,  286.3,  285.4,  380.5,  375.1,  371.9,  375.7,  373.7,  378.9,  385.5,  399.0,  403.7,  404.2,  402.2,  395.4,  381.6,  383.0,  384.8,  384.4,  386.0,  387.8,  388.3,  386.4, 0.00, 0.00, 0.21, 0.00, 0.41, 0.24, 0.00, 0.55, 0.10, 1.20, 0.40, 0.72, 0.00, 0.06, 0.00, 0.00, 0.50, 0.00, 0.00, 0.00, 1.00, 0.00, 0.00, 0.00, 0.00, 0.00, 1.00, 0.00, 1.00, 1.00, 1.00, 0.00, 0.00, 0.00, 0.00
24,  0,  0.759,  0.98,  1,  285.6,  283.5,  284.0,  286.7,  295.8,  312.5,  333.4,  357.7,  383.9,  409.6,  432.5,  453.1,  469.6,  480.7,  487.9,  492.2,  493.8,  309.5,  323.2,  343.7,  364.7,  383.2,  415.6,  433.2,  451.0,  468.3,  479.4,  400.3,  401.0,  401.8,  402.4,  376.5,  387.2,  397.9,  408.4,  417.9,  331.8,  344.4,  358.2,  369.9,  357.4,  343.4,  423.3,  436.3,  449.5,  459.3,  449.4,  436.3,  352.5,  370.2,  386.2,  396.2,  407.2,  420.1,  430.9,  418.2,  405.2,  393.5,  382.6,  367.6,  359.5,  384.7,  395.1,  406.2,  424.8,  405.6,  394.4,  384.1,  267.7,  295.7,  324.7,  353.9,  382.6,  408.5,  430.9,  448.8,  455.1,  451.8,  436.2,  416.9,  394.8,  369.0,  341.0,  313.0,  284.9,  249.0,  236.3,  232.8,  237.7,  247.7,  250.4,  243.7,  242.4,  247.2,  259.4,  274.2,  291.6,  308.6,  326.6,  342.5,  346.5,  350.0,  348.1,  345.6,  272.8,  267.7,  268.9,  277.4,  279.4,  278.8,  281.2,  274.4,  275.9,  282.4,  286.3,  285.4,  380.7,  375.2,  371.9,  375.8,  373.7,  379.0,  385.7,  398.8,  403.5,  404.0,  402.1,  395.4,  381.7,  383.1,  384.9,  384.4,  386.2,  387.5,  388.1,  386.3, 0.00, 0.00, 0.19, 0.00, 0.40, 0.16, 0.03, 0.51, 0.07, 1.33, 0.40, 0.73, 0.00, 0.11, 0.00, 0.00, 0.52, 0.00, 0.00, 0.00, 1.00, 0.00, 0.00, 0.00, 0.00, 0.00, 1.00, 0.00, 1.00, 1.00, 1.00, 0.00, 0.00, 0.00, 0.00
25,  0,  0.792,  0.98,  1,  285.7,  283.7,  284.3,  287.0,  296.0,  312.6,  333.5,  358.0,  384.4,  410.1,  432.8,  453.4,  469.9,  480.9,  487.9,  492.2,  493.7,  309.1,  322.6,  343.1,  364.4,  383.0,  415.3,  433.2,  451.4,  468.9,  479.6,  400.2,  400.8,  401.6,  402.3,  376.2,  387.1,  397.8,  408.4,  418.0,  331.7,  344.2,  357.9,  369.7,  357.1,  343.2,  423.1,  436.1,  449.2,  459.1,  449.2,  436.0,  352.1,  370.0,  386.2,  396.0,  406.9,  420.0,  431.0,  418.2,  405.0,  393.5,  382.7,  367.5,  359.1,  384.8,  395.0,  405.9,  424.9,  405.3,  394.4,  384.2,  267.5,  295.7,  324.7,  354.0,  382.6,  408.4,  430.8,  448.8,  455.2,  451.8,  436.3,  417.0,  394.7,  368.6,  340.3,  312.1,  283.7,  249.7,  236.6,  232.9,  237.6,  247.5,  250.3,  243.8,  242.8,  248.0,  260.8,  274.2,  291.6,  308.8,  326.8,  342.5,  346.5,  350.1,  348.1,  345.6,  272.9,  267.6,  268.8,  277.4,  279.5,  278.9,  281.2,  274.4,  275.9,  282.6,  286.4,  285.4,  380.7,  375.3,  372.1,  375.9,  373.8,  379.0,  385.7,  399.1,  403.7,  404.1,  402.2,  395.5,  381.7,  383.1,  384.8,  384.4,  386.1,  387.8,  388.4,  386.5, 0.00, 0.00, 0.09, 0.00, 0.38, 0.15, 0.06, 0.48, 0.02, 1.20, 0.47, 0.73, 0.00, 0.12, 0.00, 0.00, 0.52, 0.00, 0.00, 0.00, 1.00, 0.00, 0.00, 0.00, 0.00, 0.00, 1.00, 0.00, 1.00, 1.00, 1.00, 0.00, 0.00, 0.00, 0.00
26,  0,  0.825,  0.98,  1,  285.5,  283.5,  284.1,  286.8,  296.0,  312.7,  333.6,  358.0,  384.4,  410.1,  432.8,  453.5,  470.1,  481.3,  488.4,  492.6,  494.2,  309.3,  323.2,  343.6,  364.5,  382.9,  415.4,  433.3,  451.4,  468.6,  479.4,  400.0,  400.7,  401.5,  402.2,  376.4,  387.1,  397.7,  408.3,  417.8,  332.0,  344.4,  358.0,  369.5,  357.2,  343.3,  422.8,  435.4,  448.5,  458.2,  448.4,  435.5,  352.0,  369.8,  385.9,  396.0,  407.0,  420.1,  431.0,  418.3,  405.1,  393.5,  382.5,  367.3,  359.0,  384.6,  395.0,  406.1,  424.9,  405.4,  394.3,  384.0,  267.4,  295.5,  324.6,  353.8,  382.4,  408.3,  430.8,  448.9,  455.2,  451.7,  435.9,  416.5,  394.3,  368.5,  340.5,  312.6,  284.5,  249.0,  236.6,  233.2,  237.8,  247.5,  250.3,  243.9,  242.8,  247.8,  260.0,  274.4,  291.7,  308.8,  326.8,  342.6,  346.5,  350.0,  348.1,  345.5,  272.9,  267.6,  268.8,  277.3,  279.4,  278.8,  281.0,  274.1,  275.6,  282.1,  286.0,  285.1,  380.8,  375.3,  372.1,  375.9,  373.8,  378.9,  385.4,  398.8,  403.5,  404.0,  402.1,  395.5,  381.8,  383.1,  384.8,  384.4,  386.0,  387.7,  388.3,  386.5, 0.00, 0.00, 0.15, 0.00, 0.37, 0.28, 0.08, 0.40, 0.00, 0.94, 0.54, 0.68, 0.00, 0.08, 0.00, 0.00, 0.64, 0.00, 0.00, 0.00, 1.00, 0.00, 0.00, 0.00, 0.00, 0.00, 1.00, 0.00, 1.00, 1.00, 0.00, 0.00, 0.00, 0.00, 0.00
27,  0,  0.858,  0.98,  1,  285.7,  283.5,  284.1,  286.8,  296.2,  313.1,  333.7,  357.8,  383.9,  409.4,  432.2,  453.0,  469.7,  481.0,  488.1,  492.2,  493.7,  309.6,  323.8,  344.1,  365.0,  383.2,  415.4,  433.2,  451.2,  468.4,  479.1,  400.1,  400.8,  401.6,  402.3,  376.4,  387.1,  397.7,  408.2,  417.7,  332.0,  344.4,  358.0,  369.5,  357.1,  343.3,  422.8,  435.4,  448.4,  458.2,  448.4,  435.5,  352.0,  369.9,  385.9,  395.9,  407.0,  419.9,  430.7,  418.0,  404.8,  393.2,  382.2,  367.2,  359.1,  384.5,  394.8,  406.0,  424.6,  405.3,  394.2,  383.8,  267.3,  295.7,  325.1,  354.6,  383.4,  409.2,  431.3,  449.1,  455.3,  452.1,  436.4,  417.1,  395.0,  369.1,  341.1,  312.9,  284.7,  248.8,  236.6,  233.3,  238.0,  247.7,  250.4,  244.0,  242.9,  247.9,  260.2,  274.3,  291.7,  308.9,  326.9,  342.7,  346.6,  350.1,  348.2,  345.7,  272.8,  267.5,  268.8,  277.3,  279.4,  278.7,  281.0,  274.1,  275.5,  282.2,  286.0,  285.1,  381.0,  375.3,  372.0,  375.9,  373.8,  379.0,  385.7,  399.0,  403.7,  404.2,  402.2,  395.5,  382.0,  383.2,  384.9,  384.4,  386.2,  387.7,  388.4,  386.5, 0.00, 0.00, 0.22, 0.00, 0.43, 0.41, 0.12, 0.45, 0.05, 0.86, 0.53, 0.60, 0.00, 0.05, 0.00, 0.02, 0.68, 0.00, 0.00, 0.00, 1.00, 0.00, 0.00, 0.00, 0.00, 0.00, 1.00, 0.00, 1.00, 1.00, 0.00, 0.00, 0.00, 0.00, 0.00
28,  0,  0.891,  0.98,  1,  285.7,  283.5,  284.0,  286.5,  295.3,  311.6,  332.7,  357.3,  383.7,  409.4,  432.0,  452.6,  469.3,  480.6,  487.9,  492.3,  493.9,  309.5,  323.2,  343.5,  364.5,  382.8,  415.5,  433.2,  451.1,  468.4,  479.5,  400.1,  400.8,  401.6,  402.4,  376.3,  387.1,  397.8,  408.3,  417.8,  331.7,  344.2,  358.0,  369.8,  357.2,  343.3,  423.0,  435.9,  449.1,  459.0,  449.1,  436.0,  352.2,  370.0,  386.0,  396.0,  407.0,  420.0,  430.8,  418.1,  405.0,  393.4,  382.4,  367.4,  359.2,  384.5,  394.9,  406.0,  424.7,  405.3,  394.2,  383.8,  267.6,  295.5,  324.3,  353.4,  381.9,  407.7,  430.3,  448.5,  455.1,  452.0,  436.9,  418.0,  396.0,  370.0,  341.5,  312.9,  284.2,  249.1,  236.5,  233.1,  237.8,  247.5,  250.3,  243.9,  242.9,  247.9,  260.4,  274.3,  291.7,  308.8,  326.8,  342.5,  346.5,  350.0,  348.2,  345.7,  272.8,  267.5,  268.7,  277.4,  279.4,  278.8,  281.3,  274.3,  275.9,  282.5,  286.4,  285.4,  380.8,  375.3,  372.0,  375.9,  373.8,  379.2,  385.9,  399.2,  403.8,  404.2,  402.3,  395.5,  381.7,  383.0,  384.8,  384.4,  386.3,  388.0,  388.5,  386.6, 0.00, 0.00, 0.31, 0.00, 0.45, 0.51, 0.17, 0.41, 0.09, 0.92, 0.42, 0.54, 0.03, 0.06, 0.02, 0.03, 0.53, 0.00, 0.00, 0.00, 1.00, 0.00, 0.00, 0.00, 0.00, 0.00, 1.00, 0.00, 1.00, 1.00, 0.00, 0.00, 0.00, 0.00, 0.00
29,  0,  0.924,  0.98,  1,  285.8,  283.6,  284.0,  286.5,  295.3,  311.6,  332.5,  357.0,  383.4,  409.1,  431.8,  452.5,  469.2,  480.5,  487.9,  492.4,  494.0,  309.7,  323.3,  343.5,  364.4,  382.6,  415.9,  433.5,  451.4,  468.6,  479.5,  400.2,  400.9,  401.7,  402.4,  376.4,  387.1,  397.8,  408.3,  417.8,  331.9,  344.4,  358.2,  370.0,  357.4,  343.4,  423.1,  436.1,  449.3,  459.2,  449.3,  436.1,  352.2,  369.9,  385.9,  396.0,  407.2,  420.1,  430.8,  418.3,  405.1,  393.4,  382.3,  367.3,  359.2,  384.4,  394.9,  406.1,  424.8,  405.5,  394.2,  383.7,  267.6,  295.5,  324.3,  353.4,  381.8,  407.7,  430.3,  448.5,  455.2,  452.2,  437.1,  418.1,  396.0,  369.8,  341.3,  312.7,  284.0,  248.8,  236.3,  233.0,  237.7,  247.4,  250.3,  243.9,  242.9,  247.9,  260.3,  274.3,  291.8,  309.0,  327.1,  342.6,  346.6,  350.2,  348.3,  345.9,  272.7,  267.5,  268.7,  277.4,  279.4,  278.7,  281.3,  274.5,  276.0,  282.6,  286.5,  285.5,  380.6,  375.1,  371.8,  375.7,  373.7,  379.1,  385.9,  399.2,  403.9,  404.3,  402.2,  395.4,  381.6,  382.9,  384.7,  384.4,  386.3,  388.0,  388.5,  386.4, 0.00, 0.00, 0.31, 0.00, 0.41, 0.39, 0.18, 0.35, 0.11, 1.05, 0.48, 0.53, 0.13, 0.14, 0.02, 0.03, 0.49, 0.00, 0.00, 0.00, 1.00, 0.00, 0.00, 0.00, 0.00, 0.00, 1.00, 0.00, 1.00, 1.00, 0.00, 0.00, 0.00, 0.00, 0.00
30,  0,  0.957,  0.98,  1,  285.7,  283.6,  284.1,  286.7,  295.6,  312.1,  332.8,  357.0,  383.3,  409.0,  431.8,  452.6,  469.4,  480.8,  488.1,  492.5,  494.1,  309.1,  322.6,  343.1,  364.3,  382.9,  415.5,  433.4,  451.5,  468.9,  479.7,  400.2,  400.8,  401.7,  402.4,  376.3,  387.1,  397.8,  408.3,  417.9,  331.8,  344.3,  358.1,  369.8,  357.3,  343.4,  423.1,  436.0,  449.2,  459.1,  449.2,  436.1,  352.1,  369.9,  385.9,  396.0,  407.1,  420.1,  431.0,  418.3,  405.0,  393.3,  382.3,  367.2,  359.1,  384.5,  394.8,  406.1,  424.9,  405.4,  394.2,  383.8,  267.5,  295.6,  324.6,  353.7,  382.2,  407.9,  430.3,  448.6,  455.3,  452.3,  437.1,  418.1,  395.9,  369.8,  341.2,  312.6,  283.9,  249.8,  236.7,  233.0,  237.7,  247.5,  250.4,  243.9,  242.9,  248.2,  261.0,  274.3,  291.7,  308.9,  327.0,  342.5,  346.5,  350.1,  348.2,  345.8,  272.8,  267.5,  268.8,  277.4,  279.3,  278.7,  281.3,  274.5,  276.0,  282.6,  286.5,  285.5,  380.5,  375.1,  372.0,  375.9,  373.9,  379.1,  385.8,  399.2,  403.9,  404.3,  402.2,  395.3,  381.5,  383.0,  384.8,  384.5,  386.2,  388.0,  388.5,  386.5, 0.00, 0.00, 0.34, 0.00, 0.40, 0.31, 0.13, 0.30, 0.13, 1.07, 0.58, 0.65, 0.13, 0.18, 0.09, 0.02, 0.42, 0.00, 0.00, 0.00, 1.00, 0.00, 0.00, 0.00, 0.00, 0.00, 1.00, 0.00, 1.00, 1.00, 0.00, 0.00, 0.00, 0.00, 0.00
31,  0,  0.990,  0.98,  1,  285.6,  283.5,  284.0,  286.6,  295.6,  312.1,  332.8,  356.9,  383.2,  408.9,  431.7,  452.6,  469.5,  481.0,  488.3,  492.6,  494.2,  309.6,  323.7,  344.2,  365.2,  383.4,  415.3,  433.1,  451.2,  468.5,  479.6,  400.2,  400.9,  401.7,  402.5,  376.4,  387.2,  397.8,  408.3,  417.8,  331.7,  344.2,  358.0,  369.7,  357.2,  343.2,  423.0,  435.9,  449.0,  458.9,  449.0,  435.9,  352.0,  369.9,  385.9,  395.9,  407.1,  420.1,  430.8,  418.2,  404.9,  393.2,  382.2,  367.1,  359.1,  384.4,  394.8,  406.0,  424.8,  405.4,  394.1,  383.7,  267.9,  295.9,  324.8,  353.9,  382.3,  408.0,  430.3,  448.5,  455.1,  452.1,  436.8,  417.7,  395.5,  369.4,  341.1,  312.8,  284.3,  248.8,  236.5,  233.3,  238.1,  247.8,  250.5,  243.9,  242.9,  247.9,  260.3,  274.2,  291.6,  308.7,  326.7,  342.6,  346.5,  350.0,  348.2,  345.8,  272.7,  267.4,  268.7,  277.4,  279.4,  278.7,  281.2,  274.2,  275.7,  282.4,  286.3,  285.3,  380.7,  375.2,  372.0,  375.8,  373.8,  379.1,  385.9,  399.1,  403.8,  404.2,  402.1,  395.3,  381.7,  383.0,  384.8,  384.4,  386.3,  387.9,  388.5,  386.5, 0.00, 0.00, 0.34, 0.00, 0.37, 0.19, 0.05, 0.25, 0.19, 1.02, 0.53, 0.68, 0.10, 0.15, 0.07, 0.00, 0.54, 0.00, 0.00, 0.00, 1.00, 0.00, 0.00, 0.00, 0.00, 0.00, 1.00, 0.00, 1.00, 1.00, 0.00, 0.00, 0.00, 0.00, 0.00
32,  0,  1.023,  0.98,  1,  285.7,  283.5,  284.0,  286.6,  295.7,  312.6,  333.2,  357.4,  383.5,  409.0,  431.9,  452.9,  470.0,  481.6,  489.0,  493.2,  494.8,  309.7,  324.1,  344.7,  365.7,  383.9,  414.8,  432.8,  451.1,  468.6,  479.5,  400.3,  401.0,  401.8,  402.5,  376.5,  387.2,  397.7,  408.3,  417.9,  332.1,  344.5,  358.2,  369.5,  357.2,  343.3,  423.0,  435.4,  448.5,  458.2,  448.5,  435.6,  351.9,  369.7,  385.8,  395.9,  407.1,  420.1,  430.8,  418.1,  404.8,  393.0,  381.9,  366.9,  359.0,  384.4,  394.8,  406.1,  424.7,  405.3,  394.0,  383.6,  267.3,  295.5,  324.7,  354.0,  382.7,  408.4,  430.8,  449.0,  455.4,  452.3,  436.7,  417.4,  395.4,  369.4,  341.1,  312.8,  284.3,  248.6,  236.4,  233.2,  237.9,  247.7,  250.5,  244.0,  243.0,  248.0,  260.4,  274.3,  291.5,  308.5,  326.4,  342.4,  346.4,  349.9,  348.1,  345.6,  272.4,  266.9,  268.2,  277.1,  279.1,  278.4,  281.0,  273.6,  275.1,  282.0,  285.9,  285.0,  380.8,  375.0,  371.8,  375.7,  373.7,  379.0,  385.9,  399.3,  404.0,  404.3,  402.3,  395.4,  381.8,  382.9,  384.7,  384.4,  386.3,  388.2,  388.7,  386.7, 0.00, 0.00, 0.29, 0.00, 0.39, 0.22, 0.02, 0.33, 0.23, 0.99, 0.37, 0.69, 0.00, 0.14, 0.07, 0.00, 0.31, 0.00, 0.00, 0.00, 1.00, 0.00, 0.00, 0.00, 0.00, 0.00, 1.00, 0.00, 1.00, 1.00, 0.00, 0.00, 0.00, 0.00, 0.00
33,  0,  1.056,  0.98,  1,  285.7,  283.5,  284.1,  286.9,  296.0,  312.7,  333.5,  357.7,  383.8,  409.4,  432.2,  453.3,  470.2,  481.7,  489.1,  493.4,  494.8,  309.1,  323.2,  343.9,  365.1,  383.5,  414.8,  432.9,  451.2,  468.9,  479.8,  400.1,  400.8,  401.6,  402.4,  376.5,  387.2,  397.7,  408.2,  417.7,  331.3,  343.9,  358.0,  369.7,  357.1,  342.7,  423.1,  436.0,  449.5,  459.4,  449.5,  436.1,  352.4,  370.1,  386.3,  396.1,  407.0,  420.1,  431.0,  418.1,  404.8,  393.4,  382.5,  367.4,  359.5,  384.9,  395.0,  406.0,  424.8,  405.2,  394.3,  384.1,  267.2,  295.4,  324.6,  353.9,  382.7,  408.7,  431.4,  449.8,  456.3,  452.9,  437.0,  417.5,  395.2,  369.1,  340.8,  312.5,  284.1,  248.7,  236.2,  232.8,  237.6,  247.5,  250.4,  243.9,  242.8,  248.0,  260.6,  274.0,  291.3,  308.3,  326.3,  342.7,  346.6,  350.0,  348.2,  345.8,  272.0,  266.3,  267.7,  277.1,  279.1,  278.3,  281.0,  273.3,  274.9,  282.0,  286.1,  285.2,  381.0,  375.3,  371.9,  375.8,  373.7,  379.1,  386.0,  400.1,  405.1,  405.6,  403.6,  396.5,  382.0,  383.2,  384.9,  384.5,  386.4,  388.9,  389.5,  387.6, 0.00, 0.00, 0.20, 0.00, 0.33, 0.22, 0.00, 0.46, 0.22, 0.89, 0.21, 0.64, 0.00, 0.08, 0.12, 0.00, 0.31, 0.00, 0.00, 0.00, 1.00, 0.00, 0.00, 0.00, 0.00, 0.00, 1.00, 0.00, 1.00, 1.00, 0.00, 0.00, 0.00, 0.00, 0.00
34,  0,  1.089,  0.98,  1,  285.5,  283.2,  284.0,  287.1,  296.5,  313.2,  334.2,  358.7,  384.8,  409.9,  432.3,  452.9,  469.7,  481.1,  488.7,  493.1,  494.7,  309.3,  322.8,  343.3,  364.6,  382.9,  415.0,  432.9,  451.3,  468.8,  479.4,  400.0,  400.7,  401.6,  402.4,  377.2,  387.6,  397.8,  408.0,  417.3,  331.6,  344.1,  358.2,  370.0,  357.4,  343.0,  422.8,  435.8,  449.3,  459.1,  449.3,  435.8,  353.8,  370.5,  386.9,  396.5,  406.9,  420.1,  430.2,  417.9,  404.4,  393.3,  382.5,  367.4,  361.0,  385.5,  395.3,  405.8,  424.0,  404.8,  394.2,  384.2,  267.0,  295.1,  324.2,  353.5,  382.7,  409.4,  433.2,  452.4,  459.1,  455.2,  438.5,  418.3,  395.7,  369.5,  341.0,  312.4,  283.8,  248.9,  235.9,  232.4,  237.2,  247.4,  250.5,  243.7,  242.4,  247.6,  260.3,  274.1,  291.5,  308.5,  326.5,  342.8,  346.5,  349.9,  348.1,  345.7,  271.8,  266.1,  267.5,  277.0,  279.0,  278.2,  280.8,  273.1,  274.6,  281.7,  286.0,  285.1,  382.4,  375.4,  371.4,  375.3,  373.2,  379.2,  387.4,  404.3,  410.4,  410.9,  408.9,  400.6,  383.2,  383.2,  384.9,  384.6,  387.8,  393.0,  393.6,  391.6, 0.00, 0.00, 0.12, 0.00, 0.32, 0.24, 0.00, 0.60, 0.16, 0.67, 0.16, 0.70, 0.02, 0.08, 0.37, 0.26, 0.21, 0.00, 0.00, 0.00, 1.00, 0.00, 1.00, 0.00, 0.00, 0.00, 0.00, 0.00, 1.00, 0.00, 0.00, 0.00, 0.00, 0.00, 0.00
35,  0,  1.122,  0.98,  1,  285.2,  282.8,  283.8,  287.4,  297.0,  313.3,  334.1,  358.3,  384.7,  410.2,  432.3,  453.0,  469.6,  481.0,  488.6,  492.9,  494.3,  309.9,  322.8,  343.0,  364.4,  382.5,  415.7,  433.6,  452.2,  469.4,  478.9,  400.1,  400.8,  401.8,  402.7,  377.9,  388.1,  398.1,  408.1,  417.2,  331.8,  344.3,  358.4,  370.2,  357.7,  343.2,  422.6,  435.5,  449.0,  458.8,  449.1,  435.6,  355.1,  371.0,  388.0,  397.0,  406.7,  420.2,  429.6,  417.7,  403.8,  393.1,  382.9,  367.5,  362.2,  386.7,  395.9,  405.6,  423.4,  404.1,  394.0,  384.5,  267.2,  295.4,  324.5,  353.8,  383.1,  410.0,  434.4,  454.7,  462.0,  457.7,  440.2,  418.9,  395.4,  368.8,  340.1,  311.5,  282.8,  249.0,  235.7,  232.1,  237.0,  247.4,  250.4,  243.3,  241.9,  247.6,  260.6,  274.6,  291.9,  308.7,  326.6,  342.7,  346.4,  349.7,  347.8,  345.3,  272.0,  266.0,  267.5,  277.2,  279.0,  278.2,  280.9,  272.9,  274.4,  281.5,  285.8,  285.0,  383.6,  375.5,  371.3,  375.0,  373.0,  379.3,  388.1,  409.5,  417.3,  417.9,  415.9,  405.7,  384.2,  382.6,  384.1,  383.9,  388.6,  400.0,  400.7,  398.6, 0.00, 0.00, 0.09, 0.00, 0.35, 0.47, 0.00, 0.70, 0.16, 0.41, 0.09, 0.57, 0.02, 0.00, 0.84, 0.56, 0.21, 0.00, 0.00, 0.00, 1.00, 0.00, 0.00, 0.00, 0.00, 0.00, 0.00, 0.00, 1.00, 0.00, 0.00, 0.00, 0.00, 0.00, 0.00
36,  0,  1.155,  0.98,  1,  285.1,  282.4,  283.3,  287.1,  296.9,  313.4,  334.3,  358.5,  384.4,  409.5,  431.0,  451.6,  468.6,  480.6,  488.8,  493.2,  494.7,  310.1,  322.7,  342.7,  364.2,  382.1,  416.1,  434.0,  452.5,  469.5,  478.6,  400.2,  401.0,  402.0,  402.9,  378.1,  388.2,  398.2,  408.3,  417.4,  331.8,  344.2,  358.3,  370.0,  357.6,  343.2,  423.0,  435.6,  449.1,  458.8,  449.2,  435.7,  355.8,  370.9,  388.4,  397.3,  406.7,  420.4,  428.8,  417.4,  403.2,  392.7,  382.4,  366.8,  362.8,  387.1,  396.2,  405.6,  422.6,  403.5,  393.5,  384.1,  266.6,  294.9,  324.0,  353.3,  383.1,  410.6,  435.8,  456.6,  464.0,  459.3,  441.2,  419.6,  396.1,  369.5,  340.7,  311.5,  282.5,  249.2,  235.7,  232.0,  236.7,  247.0,  250.1,  243.2,  241.9,  247.8,  260.8,  275.2,  292.5,  309.3,  327.1,  342.9,  346.6,  349.9,  348.0,  345.4,  272.1,  265.9,  267.4,  277.3,  278.9,  278.1,  280.9,  272.6,  274.0,  281.2,  285.5,  284.8,  385.4,  376.2,  371.7,  375.4,  373.3,  379.8,  389.5,  413.8,  423.0,  423.8,  421.7,  410.2,  385.8,  382.7,  384.1,  383.9,  389.9,  405.7,  406.5,  404.4, 0.00, 0.00, 0.09, 0.00, 0.35, 0.63, 0.00, 0.63, 0.10, 0.18, 0.04, 0.64, 0.02, 0.00, 1.19, 0.95, 0.08, 0.00, 0.00, 0.00, 1.00, 0.00, 0.00, 0.00, 0.00, 0.00, 0.00, 0.00, 1.00, 0.00, 0.00, 1.00, 0.00, 0.00, 0.00
37,  0,  1.188,  0.98,  1,  285.0,  282.3,  283.3,  287.2,  296.8,  313.0,  333.9,  358.3,  384.6,  409.6,  430.8,  451.0,  467.8,  479.8,  488.3,  493.1,  494.9,  310.5,  323.1,  343.3,  364.9,  382.7,  416.5,  434.7,  453.4,  470.2,  479.0,  400.4,  401.1,  402.1,  403.0,  378.3,  388.3,  398.2,  408.2,  417.2,  331.6,  344.2,  358.3,  370.1,  357.6,  343.2,  423.2,  435.8,  449.3,  458.9,  449.4,  435.9,  356.9,  371.1,  388.5,  397.4,  406.7,  420.1,  427.4,  416.8,  402.7,  392.2,  381.9,  366.7,  364.0,  387.2,  396.2,  405.4,  421.2,  403.0,  393.1,  383.7,  266.5,  294.9,  324.0,  353.4,  383.4,  411.3,  437.0,  458.2,  465.8,  460.7,  442.5,  420.6,  396.8,  370.1,  341.4,  312.1,  283.0,  249.3,  235.8,  232.2,  236.9,  247.1,  249.9,  243.1,  241.7,  247.8,  260.8,  275.3,  292.8,  309.6,  327.5,  343.0,  346.6,  349.8,  348.0,  345.3,  272.2,  266.0,  267.5,  277.2,  278.7,  277.9,  280.6,  272.5,  273.9,  280.8,  285.2,  284.5,  387.9,  376.9,  371.6,  375.3,  373.2,  380.4,  391.7,  417.2,  427.0,  427.8,  425.8,  413.9,  388.0,  382.8,  384.1,  384.1,  392.0,  409.0,  409.9,  407.8, 0.00, 0.00, 0.17, 0.00, 0.28, 0.84, 0.00, 0.54, 0.06, 0.10, 0.00, 0.52, 0.04, 0.00, 1.53, 1.16, 0.00, 0.00, 0.00, 0.00, 1.00, 0.00, 0.00, 0.00, 0.00, 0.00, 0.00, 0.00, 0.00, 0.00, 0.00, 1.00, 1.00, 0.00, 0.00
38,  0,  1.221,  0.98,  1,  285.1,  282.3,  283.3,  287.3,  296.7,  312.2,  332.5,  357.0,  383.7,  408.9,  430.0,  450.1,  466.8,  478.8,  487.7,  492.6,  494.5,  310.9,  323.5,  343.8,  365.5,  383.1,  416.9,  435.3,  454.1,  470.9,  479.1,  400.6,  401.4,  402.5,  403.6,  378.3,  388.4,  398.5,  408.6,  417.6,  331.6,  344.2,  358.4,  370.3,  357.7,  343.3,  423.1,  435.9,  449.3,  458.9,  449.5,  435.9,  356.7,  370.9,  388.6,  397.4,  406.7,  420.2,  427.0,  416.4,  402.2,  391.6,  381.3,  366.0,  363.9,  387.2,  396.1,  405.3,  420.7,  402.5,  392.6,  383.2,  267.8,  295.6,  324.3,  353.4,  383.7,  412.3,  439.3,  461.7,  469.8,  464.4,  445.3,  422.3,  397.9,  371.1,  342.3,  312.9,  283.8,  249.1,  235.5,  232.0,  236.9,  247.2,  249.9,  242.6,  241.2,  247.6,  260.9,  275.5,  293.0,  309.8,  327.8,  343.3,  347.0,  350.3,  348.4,  345.7,  272.2,  265.8,  267.3,  277.2,  278.6,  277.9,  280.5,  272.1,  273.5,  280.5,  284.9,  284.3,  389.6,  378.1,  372.6,  376.2,  374.2,  381.5,  393.4,  420.0,  430.2,  431.0,  428.9,  416.5,  389.7,  383.7,  384.9,  385.0,  393.6,  412.2,  413.2,  410.9, 0.00, 0.00, 0.26, 0.00, 0.25, 0.96, 0.00, 0.50, 0.01, 0.03, 0.00, 0.57, 0.08, 0.00, 1.73, 1.37, 0.00, 0.00, 0.00, 0.00, 1.00, 0.00, 0.00, 0.00, 0.00, 0.00, 0.00, 0.00, 0.00, 0.00, 0.00, 1.00, 1.00, 0.00, 0.00
39,  0,  1.254,  0.98,  1,  285.3,  282.1,  283.0,  287.0,  296.3,  311.6,  331.7,  356.4,  383.2,  408.5,  429.7,  449.8,  466.6,  478.8,  487.9,  492.9,  494.8,  311.8,  324.7,  344.9,  366.4,  383.4,  416.9,  435.1,  453.9,  470.5,  478.9,  400.6,  401.4,  402.6,  403.6,  378.5,  388.5,  398.4,  408.5,  417.5,  331.8,  344.3,  358.6,  370.5,  357.9,  343.3,  423.1,  435.8,  449.3,  458.7,  449.4,  435.8,  357.0,  371.0,  389.0,  397.7,  406.7,  420.2,  426.5,  416.3,  401.9,  391.5,  381.3,  365.9,  364.3,  387.5,  396.4,  405.3,  420.2,  402.1,  392.4,  383.1,  267.4,  295.0,  323.7,  352.9,  383.6,  412.9,  440.7,  464.0,  472.5,  466.8,  447.1,  423.5,  398.6,  371.5,  342.5,  312.9,  283.9,  247.3,  234.1,  231.1,  236.2,  246.8,  249.7,  242.2,  240.6,  246.7,  259.8,  275.7,  293.1,  309.8,  327.7,  343.5,  347.2,  350.5,  348.6,  345.8,  271.8,  265.4,  267.0,  277.0,  278.5,  277.6,  280.4,  272.0,  273.3,  280.3,  284.9,  284.2,  391.2,  378.8,  372.9,  376.5,  374.4,  382.0,  394.6,  422.8,  433.4,  434.4,  432.3,  419.5,  391.1,  384.2,  385.4,  385.4,  394.8,  415.2,  416.2,  414.0, 0.10, 0.00, 0.33, 0.00, 0.24, 0.95, 0.00, 0.46, 0.01, 0.00, 0.00, 0.49, 0.20, 0.00, 1.96, 1.54, 0.00, 0.00, 0.00, 0.00, 1.00, 0.00, 0.00, 0.00, 0.00, 0.00, 0.00, 0.00, 0.00, 0.00, 0.00, 1.00, 1.00, 0.00, 0.00
40,  0,  1.287,  0.98,  1,  285.2,  281.9,  282.9,  287.2,  296.5,  311.8,  331.9,  357.2,  384.2,  409.3,  429.8,  449.5,  465.9,  478.1,  487.5,  492.6,  494.3,  312.2,  325.4,  345.7,  367.3,  384.1,  416.3,  434.9,  454.0,  470.8,  478.8,  400.7,  401.5,  402.7,  403.8,  378.4,  388.4,  398.4,  408.4,  417.4,  331.1,  343.7,  358.4,  370.5,  357.5,  342.4,  422.7,  435.7,  449.5,  458.9,  449.7,  435.7,  357.6,  371.2,  389.0,  397.5,  406.1,  419.6,  425.4,  415.5,  401.1,  391.0,  381.0,  365.8,  365.0,  387.6,  396.2,  404.7,  419.0,  401.4,  392.0,  382.9,  267.3,  295.0,  324.0,  353.5,  384.4,  414.1,  442.4,  465.8,  474.1,  468.1,  448.3,  424.3,  399.3,  372.1,  342.9,  313.2,  284.0,  247.0,  233.6,  230.7,  235.8,  246.5,  249.5,  242.1,  240.5,  247.1,  260.9,  275.5,  292.9,  309.6,  327.5,  343.9,  347.5,  350.6,  348.9,  346.2,  271.1,  264.1,  265.9,  277.1,  278.4,  277.4,  280.6,  271.2,  272.6,  280.2,  285.2,  284.6,  393.1,  379.6,  373.0,  376.7,  374.6,  383.0,  396.7,  425.3,  436.0,  436.7,  434.7,  421.7,  392.8,  384.7,  385.8,  386.0,  396.6,  417.4,  418.3,  416.0, 0.18, 0.00, 0.38, 0.00, 0.19, 0.65, 0.00, 0.37, 0.01, 0.00, 0.00, 0.44, 0.16, 0.00, 2.09, 1.56, 0.00, 0.00, 0.00, 0.00, 1.00, 0.00, 0.00, 0.00, 0.00, 0.00, 0.00, 0.00, 0.00, 0.00, 0.00, 1.00, 1.00, 0.00, 0.00
41,  0,  1.320,  0.98,  1,  284.9,  281.9,  283.3,  287.8,  296.9,  311.7,  331.2,  356.1,  383.2,  408.6,  429.7,  449.9,  466.4,  478.5,  488.1,  493.2,  495.1,  311.5,  324.8,  345.4,  367.1,  383.9,  416.4,  434.9,  453.9,  470.7,  479.0,  400.7,  401.5,  402.7,  403.8,  378.5,  388.5,  398.4,  408.4,  417.3,  331.0,  343.8,  358.7,  370.7,  357.7,  342.4,  422.9,  435.9,  449.9,  459.2,  450.1,  435.9,  358.1,  371.4,  389.3,  397.7,  406.2,  419.6,  425.1,  415.3,  401.1,  391.0,  381.1,  365.9,  365.5,  387.9,  396.4,  404.8,  418.6,  401.4,  392.1,  383.1,  267.3,  295.2,  324.2,  353.8,  385.2,  415.2,  443.8,  467.7,  476.2,  470.0,  449.5,  424.6,  399.0,  371.5,  342.5,  313.0,  284.1,  246.3,  232.9,  230.1,  235.2,  246.1,  249.1,  241.6,  239.9,  246.0,  259.4,  275.3,  292.8,  309.4,  327.3,  344.1,  347.6,  350.7,  349.0,  346.2,  270.9,  263.7,  265.6,  277.0,  278.4,  277.3,  280.3,  270.7,  272.0,  279.8,  284.9,  284.4,  394.0,  379.9,  373.2,  376.8,  374.7,  383.1,  397.3,  426.4,  437.3,  438.2,  436.3,  423.2,  393.6,  384.9,  386.0,  386.2,  397.2,  418.6,  419.6,  417.5, 0.33, 0.05, 0.40, 0.00, 0.08, 0.46, 0.00, 0.26, 0.00, 0.00, 0.00, 0.40, 0.16, 0.00, 2.24, 1.62, 0.00, 0.00, 0.00, 0.00, 1.00, 0.00, 0.00, 0.00, 0.00, 0.00, 0.00, 0.00, 0.00, 0.00, 0.00, 1.00, 1.00, 0.00, 0.00
42,  0,  1.353,  0.98,  1,  284.9,  281.7,  283.1,  287.5,  296.6,  311.2,  330.8,  356.1,  383.7,  409.4,  430.4,  450.2,  466.4,  478.4,  487.9,  492.9,  494.5,  312.4,  325.8,  346.1,  367.6,  384.0,  416.4,  434.6,  453.5,  470.1,  478.4,  400.8,  401.6,  402.8,  404.0,  378.6,  388.6,  398.6,  408.6,  417.6,  331.1,  343.9,  358.9,  370.9,  357.8,  342.4,  422.6,  435.8,  449.7,  459.0,  450.0,  435.8,  358.3,  371.7,  389.5,  397.9,  406.3,  419.6,  425.1,  415.5,  401.3,  391.3,  381.4,  366.3,  365.7,  388.1,  396.6,  404.9,  418.7,  401.5,  392.2,  383.3,  267.2,  295.0,  324.1,  353.7,  385.0,  415.2,  444.0,  468.1,  476.6,  470.5,  450.1,  425.1,  399.2,  371.6,  342.4,  312.9,  283.9,  245.9,  232.6,  229.9,  235.1,  245.9,  249.0,  241.5,  239.8,  245.9,  259.4,  275.3,  292.8,  309.4,  327.3,  344.2,  347.8,  350.9,  349.2,  346.4,  270.8,  263.4,  265.4,  277.2,  278.6,  277.4,  280.6,  270.7,  271.9,  279.9,  285.2,  284.7,  394.3,  380.2,  373.4,  377.1,  375.0,  383.4,  397.6,  426.7,  437.6,  438.4,  436.4,  423.5,  393.9,  385.0,  386.0,  386.3,  397.4,  419.3,  420.3,  418.1, 0.33, 0.05, 0.49, 0.02, 0.02, 0.32, 0.00, 0.23, 0.00, 0.00, 0.00, 0.21, 0.04, 0.00, 2.32, 1.79, 0.00, 0.00, 0.00, 0.00, 1.00, 0.00, 0.00, 0.00, 0.00, 0.00, 0.00, 0.00, 0.00, 0.00, 0.00, 1.00, 1.00, 0.00, 0.00
43,  0,  1.386,  0.98,  1,  284.6,  281.6,  283.0,  287.5,  296.5,  311.0,  330.7,  356.3,  383.8,  409.2,  429.9,  449.6,  465.8,  477.8,  487.5,  492.9,  494.9,  311.8,  325.5,  346.2,  368.0,  384.8,  416.3,  435.0,  454.3,  471.2,  479.4,  400.9,  401.8,  403.0,  404.1,  378.5,  388.5,  398.6,  408.7,  417.6,  331.0,  343.8,  358.9,  371.1,  357.9,  342.4,  422.7,  435.9,  449.9,  459.3,  450.2,  435.9,  358.4,  371.6,  389.3,  397.7,  406.3,  419.5,  424.7,  415.1,  401.0,  391.0,  381.0,  366.1,  365.9,  387.8,  396.4,  404.8,  418.2,  401.3,  392.0,  383.0,  267.2,  295.1,  324.4,  354.1,  385.4,  415.6,  444.6,  468.6,  477.0,  470.9,  450.7,  426.0,  400.4,  372.9,  343.7,  314.0,  284.7,  246.5,  233.0,  230.2,  235.3,  246.1,  249.1,  241.6,  240.0,  246.5,  260.4,  275.2,  292.8,  309.5,  327.6,  344.3,  347.9,  351.1,  349.3,  346.6,  270.7,  263.3,  265.3,  277.0,  278.4,  277.3,  280.4,  270.4,  271.8,  279.8,  285.0,  284.4,  395.3,  380.6,  373.4,  377.1,  375.0,  383.9,  398.7,  427.3,  437.9,  438.6,  436.6,  423.8,  394.8,  385.4,  386.4,  386.8,  398.4,  418.9,  419.9,  417.6, 0.31, 0.08, 0.46, 0.12, 0.06, 0.47, 0.00, 0.30, 0.00, 0.00, 0.00, 0.08, 0.05, 0.00, 2.27, 1.94, 0.00, 0.00, 0.00, 0.00, 1.00, 0.00, 0.00, 0.00, 0.00, 0.00, 0.00, 0.00, 0.00, 0.00, 0.00, 1.00, 1.00, 0.00, 0.00
44,  0,  1.419,  0.98,  1,  284.8,  281.5,  282.9,  287.4,  296.7,  311.8,  331.8,  357.6,  385.1,  410.3,  431.0,  450.6,  466.6,  478.4,  487.8,  492.9,  494.6,  312.1,  325.6,  346.3,  367.9,  384.6,  416.3,  434.9,  454.2,  471.2,  479.4,  401.0,  401.8,  403.0,  404.2,  378.6,  388.6,  398.6,  408.6,  417.5,  331.1,  343.8,  359.0,  371.2,  357.9,  342.3,  422.7,  436.0,  450.1,  459.5,  450.4,  436.0,  358.0,  371.6,  389.5,  397.8,  406.1,  419.5,  425.2,  415.3,  401.0,  391.3,  381.5,  366.2,  365.7,  388.0,  396.4,  404.6,  418.5,  401.3,  392.4,  383.5,  266.8,  294.7,  324.1,  354.2,  385.9,  416.5,  445.7,  469.5,  477.5,  470.9,  450.1,  424.8,  399.1,  371.6,  342.5,  313.0,  284.1,  246.1,  232.4,  229.6,  234.9,  246.1,  249.3,  241.5,  239.7,  245.9,  259.9,  275.3,  292.7,  309.3,  327.3,  344.6,  348.0,  351.1,  349.4,  346.6,  270.7,  263.3,  265.3,  277.2,  278.7,  277.5,  280.6,  270.6,  271.9,  280.0,  285.4,  284.9,  395.0,  380.5,  373.4,  377.1,  375.0,  383.8,  398.5,  427.5,  438.0,  438.7,  436.8,  424.0,  394.5,  385.9,  386.9,  387.2,  398.3,  418.6,  419.5,  417.4, 0.18, 0.05, 0.44, 0.12, 0.06, 0.30, 0.00, 0.33, 0.00, 0.00, 0.00, 0.07, 0.07, 0.00, 2.06, 2.05, 0.00, 0.00, 0.00, 0.00, 1.00, 0.00, 0.00, 0.00, 0.00, 0.00, 0.00, 0.00, 0.00, 0.00, 0.00, 1.00, 1.00, 0.00, 0.00
45,  0,  1.452,  0.98,  1,  284.2,  281.2,  282.7,  287.3,  296.6,  312.0,  332.4,  358.6,  386.0,  411.0,  431.3,  450.7,  466.6,  478.6,  488.2,  493.4,  495.1,  311.5,  325.0,  345.7,  367.4,  384.2,  416.4,  434.8,  453.9,  470.9,  479.5,  401.1,  402.0,  403.2,  404.3,  378.8,  388.7,  398.7,  408.7,  417.6,  330.9,  343.7,  358.9,  371.1,  357.8,  342.1,  422.7,  436.0,  450.2,  459.5,  450.5,  436.1,  358.1,  371.3,  389.2,  397.6,  405.9,  419.3,  424.9,  415.0,  400.8,  391.0,  381.1,  365.9,  365.7,  387.7,  396.2,  404.5,  418.3,  401.1,  392.1,  383.1,  267.1,  295.0,  324.2,  354.4,  386.3,  417.1,  446.5,  470.2,  478.0,  471.2,  450.2,  425.3,  399.7,  372.5,  343.4,  313.8,  284.8,  246.4,  232.6,  229.8,  235.1,  246.2,  249.4,  241.6,  239.8,  245.8,  259.4,  275.5,  292.8,  309.5,  327.4,  344.6,  348.0,  351.1,  349.5,  346.8,  270.8,  263.2,  265.2,  277.3,  278.8,  277.6,  280.7,  270.5,  271.7,  279.9,  285.4,  284.9,  395.1,  380.5,  373.4,  377.2,  375.0,  384.0,  398.8,  427.7,  438.2,  438.9,  437.0,  424.1,  394.5,  385.6,  386.7,  387.0,  398.5,  419.0,  420.0,  417.9, 0.18, 0.05, 0.40, 0.10, 0.08, 0.28, 0.00, 0.34, 0.00, 0.00, 0.00, 0.19, 0.15, 0.00, 2.05, 2.08, 0.00, 0.00, 0.00, 0.00, 1.00, 0.00, 0.00, 0.00, 0.00, 0.00, 0.00, 0.00, 0.00, 0.00, 0.00, 1.00, 1.00, 0.00, 0.00
46,  0,  1.485,  0.98,  1,  284.5,  281.3,  282.9,  287.7,  297.0,  312.1,  332.1,  357.6,  384.8,  410.0,  430.5,  450.1,  466.3,  478.4,  488.2,  493.4,  495.1,  312.0,  325.5,  345.9,  367.2,  383.7,  416.8,  434.9,  453.7,  470.5,  479.1,  401.1,  401.9,  403.0,  404.2,  378.6,  388.6,  398.7,  408.7,  417.7,  330.7,  343.6,  358.8,  371.2,  357.8,  342.1,  422.9,  436.3,  450.5,  460.0,  450.8,  436.4,  358.2,  371.4,  389.3,  397.6,  405.9,  419.2,  424.7,  414.9,  400.7,  390.9,  381.0,  365.9,  365.8,  387.8,  396.2,  404.4,  418.1,  401.1,  392.0,  383.1,  266.6,  294.7,  324.2,  354.5,  386.4,  417.2,  446.4,  470.0,  478.0,  471.4,  450.7,  425.7,  399.9,  372.5,  343.4,  313.6,  284.5,  245.9,  232.5,  229.7,  235.0,  245.9,  248.9,  241.4,  239.5,  245.4,  259.0,  275.1,  292.7,  309.5,  327.7,  344.5,  348.0,  351.1,  349.5,  346.8,  270.5,  263.1,  265.1,  277.1,  278.5,  277.3,  280.4,  270.2,  271.4,  279.5,  284.9,  284.5,  395.4,  380.7,  373.3,  377.0,  374.9,  384.0,  398.9,  427.9,  438.5,  439.2,  437.3,  424.4,  394.9,  385.5,  386.5,  386.9,  398.7,  419.3,  420.3,  418.2, 0.21, 0.02, 0.36, 0.00, 0.06, 0.22, 0.00, 0.29, 0.00, 0.00, 0.00, 0.19, 0.23, 0.00, 2.15, 2.08, 0.00, 0.00, 0.00, 0.00, 1.00, 0.00, 0.00, 0.00, 0.00, 0.00, 0.00, 0.00, 0.00, 0.00, 0.00, 1.00, 1.00, 0.00, 0.00
47,  0,  1.518,  0.98,  1,  284.3,  281.3,  282.9,  287.7,  297.2,  312.4,  332.2,  357.2,  383.9,  408.7,  429.3,  449.1,  465.6,  478.1,  487.9,  493.2,  494.9,  311.4,  325.0,  345.8,  367.6,  384.3,  416.2,  434.5,  453.5,  470.5,  479.2,  401.0,  401.9,  403.1,  404.4,  378.7,  388.7,  398.8,  408.7,  417.6,  330.6,  343.6,  358.9,  371.2,  357.8,  342.1,  422.8,  436.3,  450.5,  459.9,  450.8,  436.3,  358.1,  371.4,  389.3,  397.7,  406.2,  419.4,  424.9,  415.0,  400.8,  390.8,  380.8,  365.8,  365.6,  387.7,  396.3,  404.7,  418.3,  401.2,  391.9,  382.9,  266.6,  295.0,  324.7,  355.1,  387.1,  417.6,  446.5,  470.0,  477.9,  471.6,  451.1,  426.1,  400.3,  372.5,  342.9,  312.8,  283.2,  246.5,  232.8,  230.0,  235.2,  246.1,  249.0,  241.4,  239.5,  245.6,  259.3,  275.0,  292.6,  309.5,  327.7,  344.7,  348.2,  351.3,  349.6,  347.0,  270.7,  263.2,  265.2,  277.3,  278.6,  277.5,  280.5,  270.2,  271.4,  279.6,  285.1,  284.6,  395.0,  380.7,  373.6,  377.4,  375.2,  384.1,  398.6,  427.6,  438.3,  439.0,  437.1,  424.0,  394.6,  385.5,  386.6,  386.9,  398.4,  419.4,  420.4,  418.2, 0.29, 0.00, 0.39, 0.01, 0.13, 0.42, 0.00, 0.34, 0.00, 0.00, 0.00, 0.20, 0.30, 0.00, 2.26, 2.05, 0.00, 0.00, 0.00, 0.00, 1.00, 0.00, 0.00, 0.00, 0.00, 0.00, 0.00, 0.00, 0.00, 0.00, 0.00, 1.00, 1.00, 0.00, 0.00
48,  0,  1.551,  0.98,  1,  284.6,  281.4,  282.9,  287.8,  297.4,  312.8,  332.5,  357.3,  384.0,  409.0,  429.7,  449.5,  465.8,  478.1,  487.8,  493.0,  494.5,  312.1,  325.9,  346.4,  367.7,  384.1,  416.5,  434.4,  453.2,  469.9,  478.6,  401.1,  401.9,  403.0,  404.2,  378.7,  388.6,  398.6,  408.6,  417.4,  331.0,  343.9,  359.1,  371.2,  357.9,  342.2,  422.8,  436.0,  450.2,  459.5,  450.5,  436.1,  358.1,  371.4,  389.3,  397.6,  406.0,  419.1,  424.5,  414.8,  400.7,  390.8,  380.9,  365.9,  365.6,  387.8,  396.2,  404.5,  417.9,  401.1,  392.0,  383.1,  266.7,  295.2,  325.2,  355.8,  387.9,  418.4,  447.1,  470.2,  477.9,  471.4,  450.6,  425.3,  399.4,  371.8,  342.6,  312.9,  283.9,  245.8,  232.6,  229.9,  235.2,  246.0,  248.9,  241.4,  239.6,  245.3,  258.6,  275.0,  292.6,  309.5,  327.7,  344.7,  348.2,  351.3,  349.7,  347.0,  270.6,  263.2,  265.2,  277.3,  278.7,  277.4,  280.4,  270.2,  271.4,  279.5,  285.0,  284.5,  395.2,  380.7,  373.5,  377.2,  375.0,  383.9,  398.6,  427.4,  438.1,  438.9,  437.0,  424.2,  394.8,  385.6,  386.7,  386.9,  398.4,  419.1,  420.1,  418.0, 0.29, 0.00, 0.30, 0.04, 0.17, 0.39, 0.00, 0.31, 0.00, 0.00, 0.00, 0.13, 0.22, 0.00, 2.30, 1.90, 0.00, 0.00, 0.00, 0.00, 1.00, 0.00, 0.00, 0.00, 0.00, 0.00, 0.00, 0.00, 0.00, 0.00, 0.00, 1.00, 1.00, 0.00, 0.00
49,  0,  1.584,  0.98,  1,  284.3,  281.3,  283.0,  287.7,  297.2,  312.5,  332.4,  357.5,  384.3,  409.2,  429.8,  449.7,  466.1,  478.5,  488.2,  493.5,  495.4,  311.1,  325.0,  346.0,  367.9,  384.8,  416.3,  434.9,  454.3,  471.3,  479.7,  401.2,  402.0,  403.1,  404.3,  378.6,  388.6,  398.6,  408.7,  417.6,  331.0,  343.9,  359.1,  371.2,  358.0,  342.3,  422.7,  435.9,  450.1,  459.5,  450.4,  436.0,  358.0,  371.2,  389.0,  397.5,  406.2,  419.3,  424.6,  415.0,  400.9,  390.8,  380.7,  365.7,  365.5,  387.5,  396.2,  404.7,  418.1,  401.3,  391.9,  382.8,  266.7,  295.3,  325.2,  355.8,  387.8,  418.2,  446.9,  470.2,  478.0,  471.5,  450.9,  425.9,  400.1,  372.4,  342.9,  313.0,  283.5,  246.6,  233.0,  230.1,  235.2,  246.1,  248.9,  241.5,  239.8,  246.2,  260.1,  275.1,  292.7,  309.5,  327.6,  344.6,  348.1,  351.2,  349.6,  346.9,  270.8,  263.2,  265.2,  277.2,  278.6,  277.5,  280.4,  270.2,  271.4,  279.6,  285.0,  284.5,  395.2,  380.7,  373.6,  377.3,  375.2,  384.0,  398.6,  427.2,  437.8,  438.6,  436.6,  423.8,  394.8,  385.4,  386.5,  386.7,  398.4,  419.0,  420.1,  417.9, 0.33, 0.00, 0.23, 0.04, 0.21, 0.35, 0.00, 0.27, 0.00, 0.00, 0.00, 0.29, 0.13, 0.00, 2.24, 1.90, 0.00, 0.00, 0.00, 0.00, 1.00, 0.00, 0.00, 0.00, 0.00, 0.00, 0.00, 0.00, 0.00, 0.00, 0.00, 1.00, 1.00, 0.00, 0.00
50,  0,  1.617,  0.98,  1,  284.8,  281.5,  282.9,  287.5,  296.9,  312.1,  331.9,  357.0,  383.8,  408.8,  429.4,  449.3,  465.7,  478.2,  487.9,  493.2,  494.9,  312.1,  325.9,  346.4,  367.8,  384.2,  416.7,  434.9,  453.8,  470.6,  479.1,  401.1,  401.9,  403.1,  404.2,  378.6,  388.6,  398.5,  408.5,  417.4,  331.0,  343.9,  359.1,  371.2,  357.9,  342.3,  422.7,  436.0,  450.1,  459.4,  450.4,  436.0,  358.3,  371.5,  389.1,  397.4,  405.8,  418.7,  424.1,  414.4,  400.5,  390.6,  380.8,  366.0,  365.7,  387.6,  396.0,  404.3,  417.6,  400.9,  391.7,  382.9,  266.4,  294.9,  324.8,  355.3,  387.3,  417.6,  446.3,  469.4,  477.3,  471.0,  450.7,  425.9,  400.1,  372.3,  342.6,  312.5,  282.9,  246.0,  232.6,  230.0,  235.2,  245.9,  248.8,  241.4,  239.6,  245.7,  259.3,  275.0,  292.6,  309.5,  327.6,  344.5,  348.1,  351.2,  349.6,  346.9,  270.7,  263.2,  265.2,  277.2,  278.7,  277.5,  280.4,  270.3,  271.5,  279.6,  285.1,  284.6,  395.1,  380.7,  373.6,  377.3,  375.2,  384.0,  398.6,  426.7,  436.9,  437.6,  435.6,  423.0,  394.7,  385.5,  386.5,  386.9,  398.4,  418.2,  419.1,  416.9, 0.41, 0.00, 0.15, 0.03, 0.17, 0.35, 0.00, 0.13, 0.00, 0.00, 0.00, 0.25, 0.04, 0.00, 2.23, 1.85, 0.00, 1.00, 0.00, 0.00, 1.00, 0.00, 0.00, 0.00, 0.00, 0.00, 0.00, 0.00, 0.00, 0.00, 0.00, 1.00, 1.00, 0.00, 0.00
51,  0,  1.650,  0.98,  1,  284.5,  281.5,  283.0,  287.6,  297.1,  312.5,  332.7,  358.2,  385.0,  409.6,  429.7,  449.1,  465.5,  478.0,  487.8,  493.2,  495.2,  311.4,  325.3,  346.0,  367.7,  384.5,  416.5,  434.9,  454.0,  471.0,  479.6,  401.0,  401.9,  403.1,  404.3,  378.7,  388.6,  398.6,  408.6,  417.5,  331.0,  343.8,  359.0,  371.1,  357.9,  342.3,  422.7,  435.9,  450.0,  459.4,  450.4,  436.1,  358.0,  371.3,  388.7,  397.2,  405.8,  418.8,  424.4,  414.6,  400.7,  390.6,  380.7,  365.8,  365.4,  387.3,  395.9,  404.4,  418.0,  401.0,  391.7,  382.6,  266.9,  295.4,  325.1,  355.6,  387.4,  417.9,  446.7,  469.8,  477.4,  471.1,  450.9,  426.4,  400.8,  372.9,  343.0,  312.6,  282.6,  246.4,  232.8,  230.2,  235.3,  246.0,  248.8,  241.5,  239.8,  246.0,  259.6,  274.9,  292.6,  309.6,  327.8,  344.5,  348.1,  351.2,  349.6,  346.9,  270.8,  263.3,  265.2,  277.1,  278.6,  277.5,  280.5,  270.3,  271.6,  279.7,  285.1,  284.6,  394.4,  380.5,  373.7,  377.4,  375.4,  384.0,  398.1,  426.2,  436.3,  437.1,  435.0,  422.4,  394.0,  385.1,  386.3,  386.5,  398.0,  418.0,  419.0,  416.8, 0.43, 0.00, 0.18, 0.02, 0.16, 0.46, 0.00, 0.08, 0.00, 0.00, 0.00, 0.33, 0.22, 0.00, 2.26, 1.89, 0.00, 0.00, 0.00, 0.00, 1.00, 0.00, 0.00, 0.00, 0.00, 0.00, 0.00, 0.00, 0.00, 0.00, 0.00, 1.00, 1.00, 0.00, 0.00
52,  0,  1.683,  0.98,  1,  285.0,  281.8,  283.1,  287.6,  296.9,  312.0,  332.0,  357.3,  384.1,  409.1,  429.6,  449.3,  465.7,  478.1,  487.8,  493.1,  494.9,  312.2,  326.0,  346.6,  367.9,  384.3,  416.6,  434.7,  453.6,  470.4,  479.3,  401.0,  401.9,  403.1,  404.2,  378.7,  388.6,  398.6,  408.6,  417.5,  331.3,  344.1,  359.1,  371.2,  358.0,  342.6,  422.8,  436.1,  450.1,  459.5,  450.4,  436.2,  358.1,  371.6,  388.7,  397.3,  406.1,  418.9,  424.6,  414.8,  401.0,  390.8,  380.8,  366.3,  365.6,  387.2,  395.9,  404.6,  418.2,  401.4,  391.9,  382.7,  266.6,  295.1,  324.8,  355.2,  386.9,  417.1,  445.5,  468.4,  476.3,  470.6,  450.9,  426.6,  400.9,  373.0,  343.0,  312.4,  282.3,  245.8,  232.6,  230.1,  235.5,  246.2,  248.9,  241.3,  239.5,  245.3,  258.8,  274.7,  292.5,  309.6,  327.9,  344.4,  348.1,  351.3,  349.7,  347.0,  270.6,  263.3,  265.3,  277.0,  278.5,  277.3,  280.3,  270.4,  271.6,  279.6,  284.9,  284.4,  394.2,  380.5,  373.8,  377.6,  375.5,  384.1,  398.0,  424.9,  434.4,  435.1,  433.0,  420.8,  393.9,  385.4,  386.6,  386.9,  397.9,  416.2,  417.1,  414.8, 0.39, 0.05, 0.25, 0.02, 0.11, 0.39, 0.00, 0.05, 0.00, 0.00, 0.00, 0.37, 0.22, 0.00, 2.20, 1.80, 0.00, 0.00, 0.00, 0.00, 1.00, 0.00, 0.00, 0.00, 0.00, 0.00, 0.00, 0.00, 0.00, 0.00, 0.00, 1.00, 1.00, 0.00, 0.00
53,  0,  1.716,  0.98,  1,  284.8,  281.8,  283.0,  287.2,  296.7,  312.7,  333.7,  359.0,  385.1,  409.2,  429.3,  448.9,  465.4,  478.1,  487.8,  493.0,  494.9,  311.0,  324.8,  345.8,  367.7,  384.8,  416.6,  434.9,  453.8,  470.7,  479.4,  401.2,  402.1,  403.2,  404.3,  378.8,  388.7,  398.6,  408.5,  417.3,  331.3,  344.1,  359.1,  371.0,  357.9,  342.5,  422.8,  435.8,  449.8,  459.1,  450.2,  436.0,  358.4,  371.8,  388.4,  396.9,  405.7,  418.0,  424.0,  414.1,  400.8,  390.7,  380.8,  366.6,  365.6,  387.0,  395.6,  404.3,  417.8,  401.2,  391.8,  382.7,  266.7,  295.4,  325.2,  355.5,  387.0,  416.3,  443.4,  464.9,  472.0,  466.2,  447.2,  424.5,  400.4,  373.4,  344.0,  313.9,  284.1,  246.7,  233.0,  230.2,  235.4,  246.1,  248.9,  241.7,  240.0,  245.9,  259.3,  274.9,  292.6,  309.6,  327.8,  344.4,  347.9,  351.1,  349.6,  347.0,  270.6,  263.2,  265.3,  277.3,  278.8,  277.6,  280.7,  270.4,  271.5,  279.8,  285.2,  284.8,  392.4,  379.9,  373.6,  377.4,  375.4,  383.5,  396.3,  421.2,  430.1,  430.8,  428.7,  417.3,  392.1,  384.6,  385.9,  386.1,  396.2,  412.9,  413.8,  411.7, 0.28, 0.07, 0.21, 0.10, 0.08, 0.17, 0.00, 0.15, 0.00, 0.00, 0.00, 0.38, 0.18, 0.00, 2.05, 1.80, 0.00, 1.00, 0.00, 0.00, 1.00, 0.00, 0.00, 0.00, 0.00, 0.00, 0.00, 0.00, 1.00, 0.00, 0.00, 1.00, 1.00, 0.00, 0.00
54,  0,  1.749,  0.98,  1,  285.3,  282.1,  282.9,  286.6,  295.9,  312.1,  333.3,  358.3,  384.2,  408.2,  428.7,  448.5,  465.5,  478.3,  487.6,  492.8,  494.7,  311.7,  326.3,  347.0,  368.1,  384.9,  416.8,  434.8,  453.2,  470.0,  479.6,  401.1,  401.9,  403.0,  404.0,  378.3,  388.4,  398.5,  408.6,  417.5,  331.5,  344.4,  359.3,  370.9,  358.0,  342.7,  423.2,  436.0,  449.9,  459.3,  450.3,  436.3,  357.0,  371.8,  387.8,  396.9,  406.5,  418.7,  425.8,  415.4,  402.5,  391.7,  381.4,  367.4,  364.3,  386.3,  395.6,  405.2,  419.8,  402.9,  392.7,  383.2,  267.1,  295.6,  325.4,  355.3,  385.5,  413.1,  438.1,  457.8,  464.5,  460.2,  443.4,  422.8,  399.8,  373.4,  344.1,  314.0,  284.0,  245.3,  233.0,  230.8,  235.9,  246.0,  248.6,  241.6,  240.0,  245.6,  258.6,  274.3,  292.4,  309.9,  328.4,  344.4,  348.1,  351.3,  349.8,  347.3,  270.5,  263.4,  265.3,  277.1,  278.7,  277.5,  280.5,  270.4,  271.5,  279.7,  285.0,  284.5,  389.5,  379.0,  373.4,  377.3,  375.2,  382.5,  393.5,  414.0,  421.4,  422.0,  419.9,  410.2,  389.6,  384.5,  385.9,  385.9,  393.5,  404.8,  405.5,  403.4, 0.16, 0.07, 0.13, 0.09, 0.04, 0.00, 0.00, 0.21, 0.08, 0.08, 0.00, 0.47, 0.01, 0.07, 1.23, 1.36, 0.00, 0.00, 0.00, 0.00, 1.00, 0.00, 0.00, 0.00, 0.00, 0.00, 0.00, 0.00, 0.00, 0.00, 0.00, 0.00, 0.00, 0.00, 0.00
55,  0,  1.782,  0.98,  1,  285.5,  282.8,  283.5,  286.4,  295.4,  311.9,  332.8,  357.4,  383.4,  408.1,  430.0,  450.8,  468.0,  480.1,  488.3,  493.0,  494.5,  309.4,  324.4,  345.6,  367.1,  385.0,  415.6,  434.0,  452.7,  470.3,  480.7,  401.0,  402.0,  403.2,  404.4,  378.1,  388.6,  398.9,  408.9,  418.0,  331.0,  343.9,  359.0,  370.9,  357.7,  342.3,  422.7,  435.9,  449.9,  459.7,  450.3,  436.2,  355.1,  372.1,  388.0,  397.2,  407.4,  419.7,  429.0,  417.2,  404.6,  393.7,  383.3,  368.8,  362.5,  386.2,  395.9,  406.1,  422.9,  405.1,  394.8,  385.1,  267.1,  295.2,  324.8,  354.6,  384.0,  410.8,  434.6,  453.7,  460.2,  456.6,  440.0,  419.5,  396.9,  370.6,  341.8,  312.9,  283.8,  246.6,  234.2,  231.4,  236.4,  246.7,  249.2,  242.1,  240.6,  246.2,  259.7,  273.7,  291.8,  309.6,  328.3,  344.9,  348.6,  351.7,  350.2,  347.9,  270.6,  263.8,  265.7,  277.0,  278.9,  277.9,  280.2,  270.6,  271.9,  280.0,  285.1,  284.4,  385.2,  377.8,  373.2,  377.2,  375.0,  381.4,  389.6,  404.6,  409.7,  410.1,  408.1,  400.8,  385.8,  385.5,  387.1,  386.9,  389.8,  392.1,  392.7,  390.7, 0.00, 0.00, 0.04, 0.00, 0.04, 0.00, 0.00, 0.32, 0.23, 0.23, 0.00, 0.63, 0.00, 0.21, 0.07, 0.64, 0.00, 0.00, 0.00, 0.00, 1.00, 0.00, 0.00, 0.00, 0.00, 0.00, 0.00, 0.00, 1.00, 0.00, 0.00, 0.00, 0.00, 0.00, 0.00
